state_ut,serial_no,address_raw,host_organization,year_of_sanction,type
Jammu and Kashmir,2,"Vill. Tanda Dera Baba Bahadur Singh, The. Reasi, Distt. Udhampur-","Vice-Chancellor, S.K.University of Agricultural Sciences and Technology, Jammu-180012",2005,SAU
Jammu and Kashmir,3,"Putshee, Distt. Bandipora-193 502","Vice-Chancellor, S.K. University of Agril. Sciences & Technology, Jammu-180012",2005,SAU
Jammu and Kashmir,4,"Gushee, Distt. Kupwara-193 222","Vice-Chancellor, S.K. University of Agril. Sciences & Technology, Jammu-180012",2005,SAU
Jammu and Kashmir,5,"Pombay, Distt. Kulgam","Vice-Chancellor, S.K. University of Agril. Sciences & Technology, Jammu-180012",2005,SAU
Jammu and Kashmir,6,"Regional Research Station, VPO. Tandwal, Distt. Rajouri-185 131","Vice-Chancellor, S.K.University of Agricultural Sciences and Technology, Jammu-180012",2002,SAU
Jammu and Kashmir,7,"Gwari, Bhaderwah, Distt. Doda-182 221","Vice-Chancellor, S.K.University of Agricultural Sciences and Technology, Jammu-180012",2002,SAU
Jammu and Kashmir,8,"Shuhama, P.Box No.1277,GPO, Distt. Ganderbal -190 001","Vice-Chancellor, S.K. University of Agril. Sciences & Technology, Jammu-180012",2002,SAU
Jammu and Kashmir,9,"Old Airport, P.Box No.91, GPO Srinagar Distt. Srinagar-191 111","Vice-Chancellor, S.K. University of Agril. Sciences & Technology, Jammu-180012",2002,SAU
Jammu and Kashmir,10,"Kalibari, Distt. Kathua-184104","Secretary, Shiv Gramodyog Mandal, Kathua",1993,SAU
Jammu and Kashmir,11,"R.S. Pura, Distt. Jammu-181102","Vice-Chancellor, S.K.University of Agricultural Sciences and Technology, Jammu-180012",1992,SAU
Jammu and Kashmir,12,"Malangpura, PB. No. 1228,GPO Srinagar Distt. Pulwama-190 001","Vice-Chancellor, S.K. University of Agril. Sciences & Technology, Jammu-180012",1983,SAU
Jammu and Kashmir,13,"Vill. Balpora, Shopian Distt","The Vice Chancellor, Sher-e-Kashmir University of Agricultural Science  & Technology,Shalimar Campus, Srinagar – 191 121	27/03/2012 SAU 14 Krishi Vigyan Kendra Vill.- Kreri & Nowpora, ATehsil- Dooru, Distt. – Anantnag The Vice Chancellor, Sher-e-Kashmir University of Agricultural Science & Technolog",27/03/2012,SAU
Jammu and Kashmir,5,"06.2013 SAU 16  Vill.-Hardubani, Lalpura, Mangloora under Tangmarg Tehsil, Baramulla District Distt. (Jammu and Kashmir).","Director, Central Institute of Temperate Horticuslture, K D Farm, Old Air Field, Post Office: Rangreth, Srinagar -190 007 (J&K) ICAR",22/11/2013,SAU
Jammu and Kashmir,17,"Pulse Research Sub-station, Arazi, Samba & Advance Centre for Rainfed, Agriculture,Dhiansar. Samba Distt. Of Jammu & Kashmir.","Vice Chancellor, Sere-e-Kashmir University of Agricultural Sciences & Technology of Chatha, Jammu (J&K)-180 009",25/11/2016,SAU
Jammu and Kashmir,18,"Dawar,Gurez Tehsil , Bandipor Distt. Of Jammu & Kashmir.","Vice Chancellor, Sere-e-Kashmir University of Agricultural Sciences & Technology of Chatha, Srinagar (J&K)-190025 Ladakh (UT) 1 Krishi Vigyan Kendra, SKUAST (K), P.Box No.146, Choglam Road, Housing Colony, Distt. Leh, (J&K) University of Ladakh 1994 SU 2 Krishi Vigyan Kendra, SKUAST (K), Distt. Karg",19/03/2021,SAU
Jammu and Kashmir,5,"06.2013 SU 4  Village Padam, Tehsil Zanskar, Distt. Kargil, (Jammu & Kashmir) University of Ladakh",,2013,SU
Punjab,1,"Opp. DIPS School Nakodar Road, Noor Mahal, Distt. Jalandhar-144039","Vice-Chancellor, Punjab Agricultural University, Ludhiana-141 004",2006,SAU
Punjab,3,"VPO. Budh Singh Wala, Distt. Moga-142 001","Vice-Chancellor, Punjab Agricultural University, Ludhiana-141 004",2005,SAU
Punjab,4,"PAU RRS, Haveli Kalan, Ropar Distt. Roopnagar-140001","Vice-Chancellor, Punjab Agricultural University, Ludhiana-141 004",2004,SAU
Punjab,5,"Samrala, Distt. Ludhiana-141 114","Vice-Chancellor, Punjab Agricultural University, Ludhiana-141 004",2004,SAU
Punjab,6,"Usman, Dist Amritsar-143 001","Vice-Chancellor, Punjab Agricultural University, Ludhiana-141 004",2004,SAU
Punjab,7,"Goneana, Distt. Muktsar-152 026","Vice-Chancellor, Punjab Agricultural University, Ludhiana-141 004",2004,SAU
Punjab,8,"Shamsher Nagar, Sirhind, Distt. Fatehgarh Sahib-","Vice-Chancellor, Punjab Agricultural University, Ludhiana-141 004",2004,SAU
Punjab,9,"PAU Regional Research Station, Distt. Faridkot-151 203","Vice-Chancellor, Punjab Agricultural University, Ludhiana-141 004",1995,SAU
Punjab,10,"Kheri, Distt. Sangrur-148 001","Vice-Chancellor, Punjab Agricultural University, Ludhiana-141 004",1995,SAU
Punjab,11,"VPO Langroya, Distt. Nawanshahar-144 516","Vice-Chancellor, Punjab Agricultural University, Ludhiana-141 004",1995,SAU
Punjab,12,"Dabwali Road, Near Kheti Bhawan, Distt. Bathinda-151 001","Vice-Chancellor, Punjab Agricultural University, Ludhiana-141 004",1992,SAU
Punjab,13,"Post Box No.22, Distt. Patiala-147 001","Vice-Chancellor, Punjab Agricultural University, Ludhiana-141 004",1992,SAU
Punjab,14,"Mallewal Road, Distt. Ferozepur-152 001","Vice-Chancellor, Punjab Agricultural University, Ludhiana-141 004",1990,SAU
Punjab,15,"Vill. Bahowal, PO. Mahilpur, Distt. Hoshiarpur-146 105","Vice-Chancellor, Punjab Agricultural University, Ludhiana-141 004",1990,SAU
Punjab,16,"J.J. Farm, Near New Grain Market, Sultanpur Road, PO. Sheikhupur, Distt. Kapurthala-144 620","Vice-Chancellor, Punjab Agricultural University, Ludhiana-141 004",1990,SAU
Punjab,17,"PAU Research Station, Distt. Gurdaspur-143 521","Vice-Chancellor, Punjab Agricultural University, Ludhiana-141 004",1982,SAU
Punjab,18,"Majra, Sahibzada Ajit Singh Nagar, Mohali","Vice-Chancellor, Guru Angad Dev Veterinary & Animal Sciences University, Ferozepur Road, Ludhiana-141 004	26.12.2011 $",26.12.2011,SAU
Punjab,19,"Panchayat Booh, Tarn Taran","Vice-Chancellor, Guru Angad Dev Veterinary & Animal Sciences University, Ferozepur Road, Ludhiana-141 004	26.12.2011 $",26.12.2011,SAU
Punjab,20,"Handitya, Barnala District","Vice Chancellor Guru Angad Dev Veterinary & Animal Sciences University, Ferozpur Road, Ludhiana-141 004",,
Punjab,21,"District Fazilka, (Punjab)","Director CIPHET, Abohar, Punjab",,
Uttarakhand,1,Distt. Bagheshwar-,"Director, Vivekananda Parvatiya Krishi Anusandhan Sansthan, ICAR, Almora",2007,ICAR
Uttarakhand,2,"Jeolikote, Distt. Nainital-263135","Vice-Chancellor, G. B. Pant University of Agriculture and Technology, Pantnagar-263 145",2004,SAU
Uttarakhand,3,"Gwaldam, Distt. Chamoli-246441","Vice-Chancellor, G. B. Pant University of Agriculture and Technology, Pantnagar-263 145",2004,SAU
Uttarakhand,4,Dhanauri Distt. Haridwar-249404,"Vice-Chancellor, G. B. Pant University of Agriculture and Technology, Pantnagar-263 145",2004,SAU
Uttarakhand,5,"Chaubatia, Ranikhet, Distt. Almora-263651","Vice-Chancellor, G. B. Pant University of Agriculture and Technology, Pantnagar-263 145",2004,SAU
Uttarakhand,6,"VCSGCH, Bharsar, Via Chipalghat Distt. Pauri Garhwal-46123","Vice-Chancellor, G. B. Pant University of Agriculture and Technology, Pantnagar-263 145",2004,SAU
Uttarakhand,7,"Jahdhar, Via Guptakashi Distt. Rudraprayag-246439","Vice-Chancellor, G. B. Pant University of Agriculture and Technology, Pantnagar-263 145",2004,SAU
Uttarakhand,8,"Sugarcane Research Centre, Bajpur Road, Kashipur, Distt. Udham Singh Nagar-244713","Vice-Chancellor, G. B. Pant University of Agriculture and Technology, Pantnagar-263 145",2004,SAU
Uttarakhand,9,"PO. Gaina Ancholi, Distt. Pithouragarh-262501","Vice-Chancellor, G. B. Pant University of Agriculture and Technology, Pantnagar-263 145",2004,SAU
Uttarakhand,10,"Dhakrani, PO. Herbertpur, Distt. Dehradun248001","Vice-Chancellor, G. B. Pant University of Agriculture and Technology, Pantnagar-263 145",2004,SAU
Uttarakhand,11,"Chinyalisaur, Distt. Uttarkashi-249196","Director, Vivekananda Parvatiya Krishi Anusandhan Sansthan, ICAR, Almora.",2004,ICAR
Uttarakhand,12,"PO. Gulchora,Lohaghat, Distt. Champawat-262524","Vice-Chancellor, G. B. Pant University of Agriculture and Technology, Pantnagar-263 145",1994,SAU
Uttarakhand,13,"GBPUAT Hill Campus, Ranichauri, Distt. Tehri Garhwal-249199","Vice-Chancellor, G. B. Pant University of Agriculture and Technology, Pantnagar-263 145	1983 $",1983,SAU
Himachal Pradesh,1,"RRS, Kukumseri Distt. (Lahaul & Spiti)-175 142","Vice-Chancellor, Ch. Sarwan Kumar Krishi Vishwavidylaya, Palampur-176 062",2004,SAU
Himachal Pradesh,2,"Research Sub Station, Berthin, Distt. Bilaspur-174 029","Vice-Chancellor, Ch. Sarwan Kumar Krishi Vishwavidylaya, Palampur-176 062",2004,SAU
Himachal Pradesh,3,"PO. & Teh. Kandaghat, Distt. Solan-173215","Vice-Chancellor, Dr. Y.S. Parmar University of Horticulture & Forestry, Solan Nauni-173 230",2004,SAU
Himachal Pradesh,4,"Doonga Bazar, Kangra, Distt. Kangra-176 001","Vice-Chancellor, Ch. Sarwan Kumar Krishi Vishwavidylaya, Palampur-176 062",2000,SAU
Himachal Pradesh,5,"Kinnaur at Reckong Peo, Distt. Kinnaur-172 107","Vice-Chancellor, Dr. Y.S. Parmar University of Horticulture & Forestry, Solan Nauni-173 230",1995,SAU
Himachal Pradesh,6,"Near Petrol Pump, Rohru, Distt. Shimla-171 207","Vice-Chancellor, Dr. Y.S. Parmar University of Horticulture & Forestry, Solan Nauni-173 230",1995,SAU
Himachal Pradesh,7,"Rampur, Distt. Una-174 303","Vice-Chancellor, Ch. Sarwan Kumar Krishi Vishwavidylaya, Palampur-176 062",1994,SAU
Himachal Pradesh,8,"Sundernagar, Distt. Mandi-174 402","Vice-Chancellor, Ch. Sarwan Kumar Krishi Vishwavidylaya, Palampur-176 062",1994,SAU
Himachal Pradesh,9,"Chamba at Saru, VPO. Saru Distt. Chamba-176 310","Vice-Chancellor, Dr. Y.S. Parmar University of Horticulture & Forestry, Solan Nauni-173 230",1991,SAU
Himachal Pradesh,10,"Hamirpur at Bara, Distt. Hamirpur-177 044","Vice-Chancellor, Ch. Sarwan Kumar Krishi Vishwavidylaya, Palampur-176 062",1988,SAU
Himachal Pradesh,11,"Bajaura, Distt. Kullu-175 125","Vice-Chancellor, Ch. Sarwan Kumar Krishi Vishwavidylaya, Palampur-176 062",1985,SAU
Himachal Pradesh,12,"Regional Research Station, Dhaulakuan, Distt. Sirmaur-173 001","Vice-Chancellor, Ch. Sarwan Kumar Krishi Vishwavidylaya, Palampur-176 062",1983,SAU
Himachal Pradesh,13,"Village Tabo,, Lahaul & Spiti Distt. of Himachal Pradesh","Vice-Chancellor, Dr. Y.S. Parmar University of Horticulture & Forestry,, Solan Nauni-173 230",06.01.2017,SAU
Delhi,1,"Ujwa, New Delhi-110 073","Director, NHRDF, Janakpuri, New Delhi-110058",1995,PSU
Haryana,1,"Govt. Seed Farm, Distt. Fatehabad-125 050.","Vice-Chancellor, CCS Haryana Agricultural University, Hissar-125 004",2004,SAU
Haryana,2,"Govt. Agricultural Farm, Bir Sunarwala, Distt. Jhajjar-124 103","Vice-Chancellor, CCS Haryana Agricultural University, Hissar-125 004",2004,SAU
Haryana,3,"Govt. Seed Farm Kohlawas, Distt. Bhiwani-125 021","Vice-Chancellor, CCS Haryana Agricultural University, Hissar-125 004",2004,SAU
Haryana,4,"Near Jat College, Distt. Rohtak-124 001","Vice-Chancellor, CCS Haryana Agricultural University, Hissar-125 004",2002,SAU
Haryana,5,Tehsil Road Distt. Sirsa-125 055,"Vice-Chancellor, CCS Haryana Agricultural University, Hissar-125 004",2002,SAU
Haryana,6,Distt. Mahendergarh-123029,"Vice-Chancellor, CCS Haryana Agricultural University, Hissar-125 004",2002,SAU
Haryana,7,"Village Tepla, PO. Saha, Distt. Ambala-133 104","President, Society for Creation of Heaven on Earth, R.K. Khanna Tennis Stadium, 2nd Floor, Romm No.1&2 Africa Avenue, New Delhi-110029",1995,NGO
Haryana,8,"Vill. Ujha, PO. Risalu, Distt. PanipAt.132 104","Vice-Chancellor, CCS Haryana Agricultural University, Hissar-125 004",1994,SAU
Haryana,9,"New Peoda P.Box No.40, Distt. Kaithal-136027","Vice-Chancellor, CCS Haryana Agricultural University, Hissar-125 004",1993,SAU
Haryana,10,"Vill. Pandu Pindara, Distt. Jind-126 102","Vice-Chancellor, CCS Haryana Agricultural University, Hissar-125 004",1992,SAU
Haryana,11,"430/13, Urban Estate, Near Railway Station, Distt. Kurukshetra-136 118","Vice-Chancellor, CCS Haryana Agricultural University, Hissar-125 004",1992,SAU
Haryana,12,"Vill. Bhopani, PO. Bhaskola, Jasana Road, Distt. Faridabad-121002","Vice-Chancellor, CCS Haryana Agricultural University, Hissar-125 004",1992,SAU
Haryana,13,"Damla, Distt. Yamunanagar-135 001","Vice-Chancellor, CCS Haryana Agricultural University, Hissar-125 004",1992,SAU
Haryana,14,"Jagdishpur, Rathdhana, Narela Road, PB No. 28, Distt. SonipAt.131 001","Vice-Chancellor, CCS Haryana Agricultural University, Hissar-125 004",1992,SAU
Haryana,15,"Mandi Adampur, Vill.Sadalpur, Distt. Hisar-125 052","Vice-Chancellor, CCS Haryana Agricultural University, Hissar-125 004",1989,SAU
Haryana,16,"IARI, Shikohpur, Distt. Gurgaon-122 001","Director, IARI, Pusa, New Delhi-110012",1983,ICAR
Haryana,17,"Shri B.B. Ashram, Rampura, Distt. Rewari-123 401","Secretary, Bhagwat Bhakti Ashram, Rampura, Rewari-123401",1983,NGO
Haryana,18,"NDRI, Distt. Karnal-132001","Director, NDRI, Karnal-132001",1976,ICAR
Rajasthan,1,"Agricultural Research Station, Rajasthan Agricultural University Distt. Srigangangnagar-335 001","Vice-Chancellor, Rajasthan Agricultural University, Bikaner-334 001",2004,SAU
Rajasthan,2,"Near PNB Bank, Station road, Hindon City, Distt. Karauli-322 230","Vice-Chancellor, Rajasthan Agricultural University, Bikaner-334 001",2004,SAU
Rajasthan,3,"Khedla Khurd, Lalsot Road, Distt. Dausa-303 303","Vice-Chancellor, Rajasthan Agricultural University, Bikaner-334 001",1994,SAU
Rajasthan,4,"Station Road, Anta, Distt. Baran-325 502","Vice-Chancellor, Maharana Pratap University of Agriculture and Technology, Udaipur-313 001",1994,SAU
Rajasthan,5,"Dhoinda, Distt. Rajsamand-313342","Vice-Chancellor, Maharana Pratap University of Agriculture and Technology, Udaipur-313 001",1994,SAU
Rajasthan,6,"Karmoda, Distt. Sawai Madhopur-322001","Vice-Chancellor, Rajasthan Agricultural University, Bikaner-334 001",1992,SAU
Rajasthan,7,"Tabiji Farm, NH No.8, Distt. Ajmer-305001","Vice-Chancellor, Rajasthan Agricultural University, Bikaner-334 001",1992,SAU
Rajasthan,8,"RIICO Industrial Area, Distt. Dhoulpur-328 001","Vice-Chancellor, Rajasthan Agricultural University, Bikaner-334 001",1992,SAU
Rajasthan,9,"Navgaon, Distt. Alwar-301 025","Vice-Chancellor, Rajasthan Agricultural University, Bikaner-334 001",1992,SAU
Rajasthan,10,"P.Box No.42, CAZRI Area, Distt. Jaisalmer-345001","Vice-Chancellor, Rajasthan Agricultural University, Bikaner-334 001",1992,SAU
Rajasthan,11,"PO. No. 36, Athiyasan, Distt. Nagaur-341 001","Vice-Chancellor, Rajasthan Agricultural University, Bikaner-334 001",1992,SAU
Rajasthan,12,"Badal Mahal, Shastri Colony, Distt. Dungarpur-314 001","Vice-Chancellor, Maharana Pratap University of Agriculture and Technology, Udaipur-313 001",1992,SAU
Rajasthan,13,"Rithola, Distt. Chittorgarh-312001","Vice-Chancellor, Maharana Pratap University of Agriculture and Technology, Udaipur-313 001",1992,SAU
Rajasthan,14,"PO. Borkhera Baran Road, Distt. Kota-324001","Vice-Chancellor, Maharana Pratap University of Agriculture and Technology, Udaipur-313 001",1992,SAU
Rajasthan,15,"P.Box. No.4 Nainwa Road, Distt. Bundi-323 001","Vice-Chancellor, Maharana Pratap University of Agriculture and Technology, Udaipur-313 001",1992,SAU
Rajasthan,16,"P.B. No.16, Kota Road, Distt. Jhalawar-326001","Vice-Chancellor, Maharana Pratap University of Agriculture and Technology, Udaipur-313 001",1992,SAU
Rajasthan,17,P.Box No.56 Distt. Bhilwara-311001,"Vice-Chancellor, Maharana Pratap University of Agriculture and Technology, Udaipur-313 001",1992,SAU
Rajasthan,18,"CAZRI (ICAR), Jodhpur Road, Distt. Pali-306 401","Director, CAZRI (ICAR), Jodhpur-342003",1992,ICAR
Rajasthan,19,"Banasthali Vidyapeeth, PO. & Distt. Tonk-304022	The","Secretary, Banasthali Vidyapith, Banasthali, Tonk-304 022",1992,OEI
Rajasthan,20,"V.P. Tankadra, Chomu, Distt. Jaipur-303 702	The","Secretary, Pragati Trust, Chomu, Jaipur-303 702",1992,NGO
Rajasthan,21,"Sardar Shahar, Distt. Churu-331 401	The","Registrar, Gandhi Vidya Mandir, Sardar Shahar,Churu-331 401",1992,OEI
Rajasthan,22,"P.Box No.29, Danta, Distt. Barmer-334 001 http://barmer1.kvk2.in/index.html The","Secretary, Society for Upliftment of Rural Economy, Barmer-334 001",1992,NGO
Rajasthan,23,"Abusar, P.Box No.4, Distt. Jhunjhunu-333 001","Vice-Chancellor, Rajasthan Agricultural University, Bikaner-334 001",1989,SAU
Rajasthan,24,"P.Box No.15, Distt. Sirohi-307 004","Vice-Chancellor, Maharana Pratap University of Agriculture and Technology, Udaipur-313 001",1989,SAU
Rajasthan,25,"Sangaria, Distt. Hanumangarh-335 063","President, Gramothan Vidya Peeth Sangaria, Hanumangarh-335 065",1989,NGO
Rajasthan,26,"Kumher, Distt. Bharatpur-321001","Vice-Chancellor, Rajasthan Agricultural University, Bikaner-334 001",1988,SAU
Rajasthan,27,"Keshwana, Distt. Jalore-343 001","Vice-Chancellor, Rajasthan Agricultural University, Bikaner-334 001",1985,SAU
Rajasthan,28,"Beechwal, Distt. Bikaner-334 006","Vice-Chancellor, Rajasthan Agricultural University, Bikaner-334 001",1983,SAU
Rajasthan,29,"Borwat Farm, Dahod Road, Distt. Banswara-327001","Vice-Chancellor, Maharana Pratap University of Agriculture and Technology, Udaipur-313 001",1983,SAU
Rajasthan,30,"CAZRI (ICAR) Campus, Distt. Jodhpur-342003","Director, CAZRI (ICAR), Jodhpur-342003",1983,ICAR
Rajasthan,31,"Badgaon, Distt. Udaipur-313001	The","President, Vidya Bhawan Society, Badgaon, Udaipur-313001",1983,NGO
Rajasthan,32,"Fatehpur Shekhawati, Distt. Sikar-332 301","Vice-Chancellor, Rajasthan Agricultural University, Bikaner-334 001",1976,SAU
Rajasthan,33,"Vill. -Gunta, Tehsil -Bansur, Alwar District","The Director, Directorate of Rapeseed-Mustard Research, Sewar, Bharatpur – 321 001 22/03/2012 ICAR",22/03/2012,
Rajasthan,34,"Vill. Mauza- Maulasar, Tehsil-Didwana, Distt. Nagaur","The Vice Chancellor, Swami Keshwanand Rajasthan Agricultural University, Bikaner -334 006",28/03/2012,
Rajasthan,35,"Vill. Kotputli, Distt. –Jaipur","The Vice Chancellor, Swami Keshwanand Rajasthan Agricultural University, Bikaner -334 006",28/03/2012,
Rajasthan,36,"Vill. Thirpali Choti, Chandgothi, Distt. Churu","The Vice Chancellor, Swami Keshwanand Rajasthan Agricultural University, Bikaner -334 006 37 Krishi Vigyan Kendra Village - Phaldi, Distt. – Jodhpur The Vice Chancellor, Swami Keshwanand Rajasthan Agricultural University, Bikaner-334 006 (Rajasthan) 29/03/2012 @ 38 Krishi Vigyan Kendra Village- Chak",28/03/2012,SAU
Rajasthan,43,"Mavli,Udsipur","Vice-Chancellor, Maharana Pratap University of Agriculture and Technology, Udaipur-313 001",2018,SAU
Rajasthan,44,"Shapura,Bhilwara","Vice-Chancellor, Maharana Pratap University of Agriculture and Technology, Udaipur-313 001",2018,SAU
Rajasthan,45,"Bamanwara,Jalore","Vice-Chancellor, Agriculture University,Jodhpur-342304",2021,SAU
Rajasthan,46,"Raipur,Pali","Vice-Chancellor, Agriculture University,Jodhpur-342304",2021,SAU
Rajasthan,47,"Arnia village,Sikar","Vice-Chancellor, Sri Karan Narendra Agriculture University,Jobner",2022,SAU
Uttar Pradesh,1,Distt. Ambedkar Nagar-,"Vice-Chancellor, Narendra Dev University of Agriculture and Technology, Kumarganj, Faizabad-224 229",2010,SAU
Uttar Pradesh,2,Distt. Sant Kabir Nagar,"Vice-Chancellor, Narendra Dev University of Agriculture and Technology, Kumarganj, Faizabad-224 229",2009,SAU
Uttar Pradesh,3,"At Jau-Inyatpur, Sikandara-Rau Tehsil, Distt. Mahamaya Nagar-","Vice-Chancellor, C.S.Azad. Univ. of Agril. & Technology, Kanpur-208 002",2009,SAU
Uttar Pradesh,4,"At village Malhana, Bhatpar Rani, Distt. Deoria-","Director, Indian Institute of Vegetables Research (IIVR), Varanasi",2009,ICAR
Uttar Pradesh,5,Distt. St. Ravidas Nagar,"Director, Indian Institute of Vegetables Research (IIVR), Varanasi",2008,ICAR
Uttar Pradesh,6,"Vilalge Kamasin, Distt. Banda, U.P.","Vice-Chancellor, C.S.Azad. Univ. of Agril. & Technology, Kanpur-208 002",2007,SAU
Uttar Pradesh,7,"Village Parwaha, District Auraiya-","Vice-Chancellor, C.S.Azad. Univ. of Agril. & Technology, Kanpur-208 002",2007,SAU
Uttar Pradesh,8,"Malak Moinuddin, The. Chayal, Distt. Kaushambi	Dr. Bhim Ra Ambedkar Welfare Society, 8 A/1 Elgin Road, Civil Lines, Allahabad-211012.	2006 NGO",,2006,NGO
Uttar Pradesh,9,"Coat Gaon, SDO Office, Tehsil-Dadri Distt. Gautam Budha Nagar-203207","Vice-Chancellor, Sardar Vallabh Bhai Patel University of Agriculture & Technology, Modipuram, Meerut-250 110",2005,SAU
Uttar Pradesh,10,"Krishi Bhavan (Politechnic Chauraha), Distt. Jaunpur-222002","Vice-Chancellor, Narendra Dev University of Agriculture and Technology, Kumarganj, Faizabad-224 229",2005,SAU
Uttar Pradesh,11,Bichiya Agril Farm (Near Vikas Bhawan) Distt. Chandauli-232104,"Vice-Chancellor, Narendra Dev University of Agriculture and Technology, Kumarganj, Faizabad-224 229",2005,SAU
Uttar Pradesh,12,"(Near Block Development Officers office) Block Pach Pedwa, Distt. Balrampur-271201","Vice-Chancellor, Narendra Dev University of Agriculture and Technology, Kumarganj, Faizabad-224 229",2005,SAU
Uttar Pradesh,14,"Govt. Agriculture Farm, Rura Mallu, PO. Shahjadpur, Distt. Jalaun-285001","Vice-Chancellor, C.S.Azad. Univ. of Agril. & Technology, Kanpur-208 002",2005,SAU
Uttar Pradesh,15,"Chandan Chauki, PO. Gola, Tehsil Paliya, Distt. Lakhimpur Kheri-262802","Vice-Chancellor, C.S.Azad. Univ. of Agril. & Technology, Kanpur-208 002",2005,SAU
Uttar Pradesh,16,"Govt. Agriculture Farm, Khiria Misra, PO. Bamourikala, Devgarh Road Distt. Lalitpur-284403","Vice-Chancellor, C.S.Azad. Univ. of Agril. & Technology, Kanpur-208 002",2005,SAU
Uttar Pradesh,17,"Krishi Bhawan, Lakula, Distt. Farrukhabad-205302","Vice-Chancellor, C.S.Azad. Univ. of Agril. & Technology, Kanpur-208 002",2005,SAU
Uttar Pradesh,18,"Tatyora (Near Polytechnic), Distt. Hardoi-241001","Vice-Chancellor, C.S.Azad. Univ. of Agril. & Technology, Kanpur-208 002",2005,SAU
Uttar Pradesh,19,"Vegetable Seed Production Farm, Sarghatia Distt. Kushinagar-221005","Director, Indian Institute of Vegetables Research (IIVR), Varanasi",2005,ICAR
Uttar Pradesh,20,"Amberpur, PO. Manva, Block Sidhauli, Distt. Sitapur-261303	Manav Vikas Evam Sewa Sansthan, 261, Hind Nagar Kanpur Road, Lucknow	2005 NGO",,2005,NGO
Uttar Pradesh,21,"Meerut Road, Distt. Baghpat-250 609","Vice-Chancellor, Sardar Vallabh Bhai Patel University of Agriculture & Technology, Modipuram, Meerut-250 110",2004,SAU
Uttar Pradesh,22,"Rustamnagar, Bilari, Distt. Moradabad-202411","Vice-Chancellor, Sardar Vallabh Bhai Patel University of Agriculture & Technology, Modipuram, Meerut-250 110",2004,SAU
Uttar Pradesh,23,"Crop Research Station, Masodha, PO. Dabha Semar, Distt. Faizabad -224133","Vice-Chancellor, Narendra Dev University of Agriculture and Technology, Kumarganj, Faizabad-224 229",2004,SAU
Uttar Pradesh,24,"Belipur, Distt. Gorakhpur-273011","Vice-Chancellor, Narendra Dev University of Agriculture and Technology, Kumarganj, Faizabad-224 229",2004,SAU
Uttar Pradesh,25,"Basuli, Distt. Maharajganj-273153","Vice-Chancellor, Narendra Dev University of Agriculture and Technology, Kumarganj, Faizabad-224 229",2004,SAU
Uttar Pradesh,26,"Tissuhi, At Crop Research Centre, PO. Marehan, Distt. Sonbhadra-231310","Vice-Chancellor, Narendra Dev University of Agriculture and Technology, Kumarganj, Faizabad-224 229",2004,SAU
Uttar Pradesh,27,"195-A,Singh Niketan Harbanshpur, Distt. Azamgarh-276001","Vice-Chancellor, Narendra Dev University of Agriculture and Technology, Kumarganj, Faizabad-224 229",2004,SAU
Uttar Pradesh,28,"Haidargarh (Near Haidargarh Railway Station), Lilhaura Nyay Panchayat, Distt. Barabanki-227301","Vice-Chancellor, Narendra Dev University of Agriculture and Technology, Kumarganj, Faizabad-224 229",2004,SAU
Uttar Pradesh,29,"Zonal Agricultural Research Station, Daleep Nagar, Distt. Kanpur (Dehat) -208001","Vice-Chancellor, C.S.Azad. Univ. of Agril. & Technology, Kanpur-208 002",2004,SAU
Uttar Pradesh,30,"Regional Research Station, Distt. Mainpuri-205001","Vice-Chancellor, C.S.Azad. Univ. of Agril. & Technology, Kanpur-208 002",2004,SAU
Uttar Pradesh,31,"Zonal Agricultural Research Station, Belatal, PO. Jaitpur, Distt. Mahoba-210423","Vice-Chancellor, C.S.Azad. Univ. of Agril. & Technology, Kanpur-208 002",2004,SAU
Uttar Pradesh,32,"Dr. B.R. Ambedkar Agricultural Engineering College Farm, Distt. Etawah-206001","Vice-Chancellor, C.S.Azad. Univ. of Agril. & Technology, Kanpur-208 002",2004,SAU
Uttar Pradesh,33,"C/o DAO, Distt. Kannauj-209 722","Vice-Chancellor, C.S.Azad. Univ. of Agril. & Technology, Kanpur-208 002",2004,SAU
Uttar Pradesh,34,"Hazaratpur, PO. Ussain, Distt. Firozabad-283103","Vice-Chancellor, C.S.Azad. Univ. of Agril. & Technology, Kanpur-208 002",2004,SAU
Uttar Pradesh,35,"Lakhaoti, Distt. Bulandshahar-245 404","Vice-Chancellor, Sardar Ballabh Bhai Patel Univ. of Agri. & Technology, Modipuram, Meerut, U.P.",2004,SAU
Uttar Pradesh,36,"R.B.S. College, Bichpuri, Distt. Agra-283105	Principal, Raja Balwant Singh College, Bichpuri, Agra-283 105	2002 OEI",,2002,OEI
Uttar Pradesh,37,"P.G. College, Ravindrapuri, Distt. Gazipur-233 002","Chairman, P.G. Gollege, Gazipur-233 002",2002,NGO
Uttar Pradesh,38,"V.K.S.  Virandra Nagar, Dhaura, Hasanganj, Distt. Unnao-209851","Chairman Kunwar Ram Bux Singh Edn. Society, C-11 A, Vigyan puri, Mahanagar, Lucknow-226006",1999,NGO
Uttar Pradesh,40,"Distt. Rural Development Institute Near TV Tower, Work Road, Distt. Pilibhit-262001","Vice-Chancellor, Sardar Vallabh Bhai Patel University of Agriculture & Technology, Modipuram, Meerut-250 110 (UP)",1998,SAU
Uttar Pradesh,41,"Niyamatpur, Distt. Sahajahanpur-242 001","Vice-Chancellor, Sardar Vallabh Bhai Patel University of Agriculture & Technology, Modipuram, Meerut-250 110 (UP)",1994,SAU
Uttar Pradesh,42,"Baghara, Jalalpur, Distt. Muzaffarnagar-251 053","Vice-Chancellor, Sardar Vallabh Bhai Patel University of Agriculture & Technology, Modipuram, Meerut-250 110 (UP)",1994,SAU
Uttar Pradesh,43,"IISR, Raibareilly Road, Distt. Lucknow-202 002","Director, Indian Institute of Sugarcane Research, Lucknow-202 002",1994,ICAR
Uttar Pradesh,44,"Rice Research Station, Nagina, Distt. Bijnor-246762","Vice-Chancellor, Sardar Vallabh Bhai Patel University of Agriculture & Technology, Modipuram, Meerut-250 110 (UP)",1992,SAU
Uttar Pradesh,45,"Numaish Camp, New Gopal Nagar Distt. Saharanpur-247 001","Vice-Chancellor, Sardar Vallabh Bhai Patel University of Agriculture & Technology, Modipuram, Meerut-250 110 (UP)",1992,SAU
Uttar Pradesh,46,"Bara Pathar Farm, Ujhani, Distt. Badaun-243639","Vice-Chancellor, Sardar Vallabh Bhai Patel University of Agriculture & Technology, Modipuram, Meerut-250 110 (UP)",1992,SAU
Uttar Pradesh,47,"Behind Ordinance Factory, Muradnagar, Ghaziabad-201 206 Phone/Fax: 01232-262300 email: ghaziabadkvk@gmail.com","Vice-Chancellor, Sardar Vallabh Bhai Patel University of Agriculture & Technology, Modipuram, Meerut-250 110 (UP)",1992,SAU
Uttar Pradesh,48,"Dhamaura, Post Dhamaura Distt. Rampur-243701","Vice-Chancellor, Sardar Vallabh Bhai Patel University of Agriculture & Technology, Modipuram, Meerut-250 110 (UP)",1992,SAU
Uttar Pradesh,49,"Swami Kalyan Dev  Hastinapur, Distt. Meerut-250 404","Vice-Chancellor, Sardar Vallabh Bhai Patel University of Agriculture & Technology, Modipuram, Meerut-250 110 (UP)",1992,SAU
Uttar Pradesh,50,"Vill. & PO. Sohna, Distt. Siddharth Naga-272192","Vice-Chancellor, Narendra Dev University of Agriculture and Technology, Kumarganj, Faizabad-224 229",1992,SAU
Uttar Pradesh,51,"Central Dairy Farm Complex, Anoopshahar Rd., Distt. Aligarh-202 001","Vice-Chancellor, C.S.Azad. Univ. of Agril. & Technology, Kanpur-208 002",1992,SAU
Uttar Pradesh,52,"C/o Allahabad Agricultural Deemed University, Distt. Allahabad-211007","Director, Allahabad Agricultural Research Institute, Naini, Allahabad-211007",1992,DU
Uttar Pradesh,53,"Via Pahari, Ganiwan, Distt. Chitrakoot-210206","Chairman, Deen Dayal Research Institute 7-E,Swamy Ramtirth Nagar,Near Rani Jhansi Road, New Delhi-110055",1992,NGO
Uttar Pradesh,54,"Pilkhi, PO. Haldhapur Distt. Mau-221705","Vice-Chancellor, Narendra Dev University of Agriculture and Technology, Kumarganj, Faizabad-224 229",1989,SAU
Uttar Pradesh,55,"Kallipur, PO. Mirzamurad, Distt. Varanasi-221 307","Vice-Chancellor, Narendra Dev University of Agriculture and Technology, Kumarganj, Faizabad-224 229",1989,SAU
Uttar Pradesh,56,"Banjariaya Farm, PO. Katiya, Distt. Basti-272 232","Vice-Chancellor, Narendra Dev University of Agriculture and Technology, Kumarganj, Faizabad-224 229",1989,SAU
Uttar Pradesh,57,"Bharari, PO. Bhojla, Distt. Jhansi-284 003","Vice-Chancellor, C.S.Azad. Univ. of Agril. & Technology, Kanpur-208 002",1989,SAU
Uttar Pradesh,58,"Tharion, PO.Tharion, Distt. Fatehpur-212622","Vice-Chancellor, C.S.Azad. Univ. of Agril. & Technology, Kanpur-208 002",1989,SAU
Uttar Pradesh,59,"Jai-prabha, Gram-Gopalgram, Distt. Gonda-271 125","Chairman, Deen Dayal Research Institute 7-E,Swamy Ramtirth Nagar,Near Rani Jhansi Road, New Delhi-110055",1989,NGO
Uttar Pradesh,60,"IVRI, Izatnagar, Distt. Bareilly-243122","Director, Indian Veterinary Research Institute, Izatnagar, Bareilly-243122",1985,ICAR
Uttar Pradesh,61,"PO. Sohoan, Distt. Ballia-277 504","Vice-Chancellor, Narendra Dev University of Agriculture and Technology, Kumarganj, Faizabad-224 229",1984,SAU
Uttar Pradesh,62,"Dairy Farm, Veterinary College, Distt. Mathura-281001","Vice-Chancellor, Pt. Deen Dayal Upadhyaya Pashu Chikitsa Vigyan Vishwa Vidhyalaya Evam Go Anusandhan Santhan, Mathura-281 001",1984,SAU
Uttar Pradesh,63,"Dariapur, PO. Munsiganj, Distt. Rai Bareli-229405","Vice-Chancellor, C.S.Azad. Univ. of Agril. & Technology, Kanpur-208 002",1984,SAU
Uttar Pradesh,64,"Barakachha Farm, PO. Belhara Institute of Agricultural Science, Distt. Mirzapur-231001","Vice-Chancellor, Banaras Hindu University, Varanasi-110005",1984,CU
Uttar Pradesh,65,"Crop Research Station, Near Kisan Degree College, Distt. Bahraich-271 801","Vice-Chancellor, Narendra Dev University of Agriculture and Technology, Kumarganj, Faizabad-224 229",1983,SAU
Uttar Pradesh,66,"R.B.S. College, Awagarh, Distt. Etah-207 30	Principal, Raja Balwant Singh College, Bichpuri, Agra-283 105	1982 OEI",,1982,OEI
Uttar Pradesh,67,"C/o Kamla Nehru Memorial Trust, PO. KNI, Lal Diggi Civil Lines, Distt. Sultanpur-228118","Secretary, Kamla Nehru Memorial Trust, PO. KNI, Lal Diggi Civil Lines Sultanpur-228118",1976,NGO
Uttar Pradesh,68,"Vill.-Katia, Post-Manpur, Block & Tehsil-Biswan, Distt.- Sitapur(Uttar Pradesh)","Secretary, Ranvir Rananjay Degree College Association, Amethi-Sultanpur-227 405 (Uttar Pradesh)	NGO",2011,
Uttar Pradesh,69,Gorakhpur (UP)(Uttar Pradesh),"Secretary, Guru Gorakshnath Seva Sansthan, Gorakhpur (UP) (Uttar Pradesh)	NGO",2016,
Uttar Pradesh,70,"Village Rajkiya Krishi Prakshetra, Mohanpura Block, Tehsil Kasganj, Distt. Kasganj, Uttar Pradesh.","Vice Chancellor,, Chandra Shekhar Azad University of Agri. & Technology, Gorakhpur Kanpur-208 002, Uttar Pradesh",2018,SAU
Uttar Pradesh,71,"Village & PO Kathora, Block Jagdishpur, Tehsil Musafirkhana, Distt. Amethi, Uttar Pradesh..","Vice Chancellor,, ND University of Agriculture & Technology,Kamarganj ,Faizabad-224229, Uttar Pradesh.",2018,SAU
Uttar Pradesh,72,"Distt. Bahraich, Uttar Pradesh.","Vice Chancellor,, ND University of Agriculture & Technology,Kamarganj ,Faizabad-224229, Uttar Pradesh.",2018,SAU
Uttar Pradesh,73,"Distt. Badaun, Uttar Pradesh.","Vice Chancellor,, Sardar Vallabh Bhai Patel University of Agriculture & Technology, Modipuram, Meerut Uttar Pradesh",2018,SAU
Uttar Pradesh,74,"Distt. Sambhal, Uttar Pradesh.","Vice Chancellor,, Sardar Vallabh Bhai Patel University of Agriculture & Technology, Modipuram, Meerut Uttar Pradesh",2018,SAU
Uttar Pradesh,75,"Babugarh Block Simbhaoli Distt. Hapur, Uttar Pradesh.","Vice Chancellor,, Sardar Vallabh Bhai Patel University of Agriculture & Technology, Modipuram, Meerut Uttar Pradesh",2018,SAU
Uttar Pradesh,76,"Village Jalalpur, Pargana Shamli, Distt. Shamli, Uttar Pradesh	Sardar Vallabh Bhai Patel University of Agriculture & Technology, Modipuram,  Meerut, Uttar Pradesh.	2018 SAU",,2018,SAU
Uttar Pradesh,77,"Aillage Maheba Nankar, Block & Tehsil- Manakpur, Distt. Gonda, Uttar Pradesh.	ND University of Agriculture & Technology, Kamarganj,Faizabad-224229, (U. P)	2018 SAU",,2018,SAU
Uttar Pradesh,78,"Village Rajkiya Krishi Prakshetra, Tarapur, Block Gajraula, The. Dhanaura, Distt. Amroha, Uttar Pradesh	Sardar Vallabh Bhai Patel University of Agriculture & Technology,	2018 SAU",,2018,SAU
Uttar Pradesh,79,"Village Varasin, Block-Dharpatganj, Distt. Sultanpur, Uttar Pradesh.	ND University of Agriculture & Technology,Kamarganj, Faizabad-224229, Uttar Pradesh	2018 SAU",,2018,SAU
Uttar Pradesh,80,"Village Amhit, Block Kirakat, Distt. Jaunpur, Uttar Pradesh	ND University of Agriculture & Technology, Kamarganj, Faizabad-224229, Uttar Pradesh.	2018 SAU",,2018,SAU
Uttar Pradesh,81,"Village Ankushpur, Block Karanda, Tehsil Ghazipur, Distt. Ghazipur, Uttar Pradesh	ND University of Agriculture & Technology, Kamarganj, Faizabad-224229, Uttar Pradesh	2018 SAU",,2018,SAU
Uttar Pradesh,82,"Village Chittaura, Block & Tehsil- Jansath, Distt. Muzaffarnagar, Uttar Pradesh.	Sardar Vallabh Bhai Patel University of Agriculture & Technology, Modipuram,  Meerut, Uttar Pradesh	2018 SAU",,2018,SAU
Uttar Pradesh,83,"Village Maheva (Manjhra Farm), Pargana-Shrinagar, Distt. Lakhimpur Kheri, Uttar Pradesh.	Indian Institute of sugarcane Research, Raebareli Road, Post Dilkusha, Lucknow-226 002, (UP)	2019 ICAR",,2019,ICAR
Uttar Pradesh,84,"Chittaura Agriculture Farm, Rajkiya Krishi Prakshetra, Jaitpur, Block and Tehsil Sandila Distt. Hardoi, Uttar Pradesh.","Vice Chancellor,, Central Soil Salinity Research Institute,Karnal, Haryana-132 001",2020,ICAR
Uttar Pradesh,85,".	Chittaura Vill. Rajkiya Krishi Prakshetra Malpura Block, Tehsil Thakurdwara.Distt. Muradabad, Uttar Pradesh","Vice Chancellor,, Sardar Vallabh Bhai Patel University of Agriculture & Technology, Modipuram, Meerut Uttar Pradesh",2020,SAU
Uttar Pradesh,86,"Chittaura Village Gabbapur Kala, Block Sirsiya, Tehsil Bhinga, Distt. Shravasti, Uttar Pradesh.","Vice Chancellor,, Acharya Narendra Deva University of Agriculture and Technology, Kumarganj, Ayodhya-224 229 Uttar Pradesh",,
Jharkhand,1,"Seed Multiplication Farm, Gamharia Distt. Saraikela-Kharsawan","Vice-Chancellor, Birsa Agricultural University, PO.Kanke, Ranchi-834 006",2010,SAU
Jharkhand,2,"Seed Multiplication Farm, Bano, Distt. Simdega-","Vice-Chancellor, Birsa Agriucltural Unviersity Kanke, Ranchi-834006",2007,SAU
Jharkhand,3,"Seed Multiplication Farm, Balumath, Distt. Latehar-","Vice-Chancellor, Birsa Agriucltural Unviersity Kanke, Ranchi-834006",2007,SAU
Jharkhand,4,"Agricultural Farm, Bena, Distt. Jamtara-","Vice-Chancellor, Birsa Agriucltural Unviersity Kanke, Ranchi-834006",2007,SAU
Jharkhand,5,"Near Sub-Divisional Agricultural Office, Godda-Pirpaiti Road (Rautara Chowk), Distt. Godda-814133	Gramin Vikas Trust, 280 Kanke Road Panijahaj Kothi, Ranchi-8	2006 NGO",,2006,NGO
Jharkhand,6,"Jainagar, Distt. Koderma-825324","Director, Central Rice Research Institute, Cuttack,Orissa",2005,ICAR
Jharkhand,7,"Zonal Agricultural Research Station, PO.Khutabandh, Distt. Dumka-814101","Vice-Chancellor, Birsa Agricultural University, Kanke, Ranchi-834006",2004,SAU
Jharkhand,8,PO.Maheshpur Farm Distt. Pakur-816 016,"Vice-Chancellor, Birsa Agricultural University, Kanke, Ranchi-834006",2004,SAU
Jharkhand,9,"Old D.K.G.K. Office, PO. Lohardanga Distt. Lohardanga-834006","Vice-Chancellor, Birsa Agricultural University, Kanke, Ranchi-834006",2004,SAU
Jharkhand,10,"PO. Bengabad, Near Block Office, Distt. Giridih-815 301","Vice-Chancellor, Birsa Agricultural University, Kanke, Ranchi-834006",2004,SAU
Jharkhand,11,"PO. Petawar, (Near block) Distt. Bokaro-829 121","Vice-Chancellor, Birsa Agricultural University, Kanke, Ranchi-834006",2004,SAU
Jharkhand,12,"Darisai, Vill-Barakhurshi, PO.Giridhi, Distt. East Singhbhum-832 304","Vice-Chancellor, Birsa Agricultural University, Kanke, Ranchi-834006",2004,SAU
Jharkhand,13,PO. Sahibganj Farm Distt. Sahibganj. -816 109,"Vice-Chancellor, Birsa Agricultural University, Kanke, Ranchi-834006",2004,SAU
Jharkhand,14,"Seed Multiplication Farm Kullu, Distt. Chatra-","Vice-Chancellor, Birsa Agricultural University, Kanke, Ranchi-834006",2004,SAU
Jharkhand,15,"Sub-Divisional Agricultural Farm, Distt. Garwah-822114","Vice-Chancellor, Birsa Agricultural University, Kanke, Ranchi-834006",2004,SAU
Jharkhand,16,"Vikas Bharati, Bishunpur, Distt. Gumla-835331","Secretary, Research &Study Centre, Gram Ayatan-19, Arogya Bhawan-1, Bariatu, Ranchi-834009, Jharkhand",2004,NGO
Jharkhand,17,"Daltonganj, Chianki, Distt. Palamau-822 113","Vice-Chancellor, Birsa Agricultural University, Kanke, Ranchi-834006",2002,SAU
Jharkhand,19,"Sujani, PO. Ghorlash, Distt. Deoghar-814152	General","Secretary, Santhal Paharia Seva Mandal Deoghar-814152",1985,NGO
Jharkhand,20,"Holycross, Near Kanari Hill, Distt. Hazaribagh-825 301	Directress, Holycross V.T.I., Hazaribagh-825301	1984 NGO",,1984,NGO
Jharkhand,21,"Jagannathpur, Distt. West Singhbhum-833203","Vice-Chancellor, Birsa Agricultural University, Kanke, Ranchi-834006",1983,SAU
Jharkhand,22,"PO. Morabadi, Distt. Ranchi-834008","Secretary, Rama Krishna Mission Ashram Divayayan Krishi Vigyan Kendra, Swami Vishuddananda Road Morabadi, Ranchi-834008",1977,NGO
Jharkhand,23,"Diyankel Village, Torpa Block Distt. Khunti (Jharkhand)","Director Indian Institute of Natural Resins and Gums, Namkum, Ranchi 834010 (Jharkhand)",2013,ICAR
Jharkhand,24,Distt. Ramgarh (Jharkhand),"Director ICAR Research Complex for Eastern Region , ICAR Parisar, PO Bihar Veterinary Collage,Patna 800014 (Bihar)",2014,ICAR
Bihar,2,"Lalganj S.M. Farm, Distt. Buxar	Directror, ICAR Reseerch Complex for Eastern Region, ICAR Parisar, PO. B.V., College, Patna-800014	2007 ICAR",,2007,ICAR
Bihar,3,"Village & PO. Chainpura via Janakpur Road, Distt. Sitamarhi-843320","Secretary, Samata Seva Kendra Vill: & PO Chainpura via Janakpur Road, Distt. Sitamarhi-843320",2006,NGO
Bihar,4,"Agricultural Farm, Manjhi, Distt-Saran-841313","Vice-Chancellor, Dr. RPCAU, Pusa, Samastipur-848125",2006,CAU
Bihar,5,"Distt. Agricultural Farm Raghopur, Distt. Supaul-852111","Vice-Chancellor, Bihar Agril. University, Sabour, Bhagalpur-813210",2006,SAU
Bihar,6,"Seed Multiplication Farm, Manpur, Distt. Gaya-823003","Vice-Chancellor, Bihar Agril. University, Sabour, Bhagalpur-813210",2006,SAU
Bihar,7,"C/O-Bal Narayan Singh Rani Pokhar, Back of Petrol Pump, Near Zero Mile, Distt. Sheohar-843329","Vice-Chancellor, Dr. RPCAU, Pusa, Samastipur-848125",2006,CAU
Bihar,8,"Sirish Agricultural Farm, Distt. Aurangabad-824112","Vice-Chancellor, Bihar Agril. University, Sabour, Bhagalpur-813210",2006,SAU
Bihar,9,"Seed Multiplication Farm, Halsi, Distt. Lakhisarai-811115","Vice-Chancellor, Bihar Agril. University, Sabour, Bhagalpur-813210",2006,SAU
Bihar,10,"Pipra Kothi, Distt. East Champaran-845401","Vice-Chancellor, Dr. RPCAU, Pusa, Samastipur-848125",2006,CAU
Bihar,11,"PO. Thakurganj, Distt. Kishanganj-854316","Vice-Chancellor, Bihar Agril. University, Sabour, Bhagalpur-813210",2006,SAU
Bihar,12,Distt. Gopalganj,"Vice-Chancellor, Dr. RPCAU, Pusa, Samastipur-848125",2006,CAU
Bihar,13,"Sabour, Distt. Bhagalpur-813210","Vice-Chancellor, Bihar Agril. University, Sabour, Bhagalpur-813210",2004,SAU
Bihar,14,"Bikramganj, Distt. Rohtas-802212","Vice-Chancellor, Bihar Agril. University, Sabour, Bhagalpur-813210",2004,SAU
Bihar,15,Distt. Araria-854311,"Vice-Chancellor, Bihar Agril. University, Sabour, Bhagalpur-813210",2004,SAU
Bihar,16,"Jalalgarh, Distt. Purnea-854327","Vice-Chancellor, Bihar Agril. University, Sabour, Bhagalpur-813210",2004,SAU
Bihar,17,PO.Tingachhia Distt. Katihar-854105,"Vice-Chancellor, Bihar Agril. University, Sabour, Bhagalpur-813210",2004,SAU
Bihar,18,"Birauli, Distt. Samastipur-848113","Vice-Chancellor, Dr. RPCAU, Pusa, Samastipur-848125",2004,CAU
Bihar,19,"Regional Research Station, Bhagabanpurhat, Distt. Siwan-845454","Vice-Chancellor, Dr. RPCAU, Pusa, Samastipur-848125",2004,CAU
Bihar,20,Madhopur Distt. West Champaran-845454,"Vice-Chancellor, Dr. RPCAU, Pusa, Samastipur-848125",2004,CAU
Bihar,21,Distt. Madhepura-852113,"Vice-Chancellor, Bihar Agril. University, Sabour, Bhagalpur-813210",2002,SAU
Bihar,22,At+ PO. Saraya Distt. Muzaffarpur-843126,"Vice-Chancellor, Dr. RPCAU, Pusa, Samastipur-848125",1997,CAU
Bihar,23,"Seed Multiplication Farm, Mussi, Makhdumpur, Distt. Jahanabad","Vice-Chancellor, Bihar Agril. University, Sabour, Bhagalpur-813210",1997,SAU
Bihar,24,"Jale, Distt. Darbhanga-847302","Vice-Chancellor, Dr. RPCAU, Pusa, Samastipur-848125",2006,CAU
Bihar,25,"Hariharpur, Rajauli Hajipur Farm, Distt. Vaishali-844101","Vice-Chancellor, Dr. RPCAU, Pusa, Samastipur-848125",1996,CAU
Bihar,26,"Ariari, Distt. Sheikhpura-811105.","Vice-Chancellor, Bihar Agril. University, Sabour, Bhagalpur-813210",1996,SAU
Bihar,27,"S.K. Choudhary Educaitonal Trust, Basaith, Vill. Chandpura, Distt. Madhubani-847102","President-cum-Managing Truestee S.K. Choudhary educationala Trust 141 Sukhdev Vihar, Mathura Road, New Delhi-110025.",1994,NGO
Bihar,28,"SCADA, PO. Ara, Distt. Bhojpur-802301","Chairman, Sone Command Area Development Agency, Sone Bhavan, Patna.",1993,PSU
Bihar,29,"Khodawandpur-848 202, Distt. Begusarai","Vice-Chancellor, Dr. RPCAU, Pusa, Samastipur-848125",1992,SAU
Bihar,30,Harnaut Distt. Nalanda-803 110,"Vice-Chancellor, Bihar Agril. University, Sabour, Bhagalpur-813210",1992,SAU
Bihar,31,"Agwanpur, Barh, Distt. Patna-803 214","Vice-Chancellor, Bihar Agril. University, Sabour, Bhagalpur-813210",1992,SAU
Bihar,32,Adhura Distt. Kaimur(Bhabua)-821116,"President, Vanvasi seva Kendra, Ward No.11 Kothi Compound (Opposite Rice Mill) Bhabua-821101",1992,NGO
Bihar,33,"Vijay Nagar, Distt. Banka-813 102","Vice-Chancellor, Bihar Agril. University, Sabour, Bhagalpur-813210",1983,SAU
Bihar,34,"PO. Shankarpur, Distt. Munger-811201","Vice-Chancellor, Bihar Agril. University, Sabour, Bhagalpur-813210",1979,SAU
Bihar,35,"Agwanpur, Distt. Saharsa-852201","Vice-Chancellor, Bihar Agril. University, Sabour, Bhagalpur-813210",1979,SAU
Bihar,36,"Sarvodya Ashram, At+PO Sokhodeora Distt. Nawadah-805116	General secetary, Gram Nirman Mandal Ashram Sukhodera-805106, Nawahad	1979 NGO",,1979,NGO
Bihar,37,"Mural Block, Sadikpur Muzaffarpur","Vice-Chancellor, Dr. RPCAU, Pusa, Samastipur-848125",2016,CAU
Bihar,38,"Sub-divisional Farm Distt. Khagaria-8512105, (Bihar)","Vice-Chancellor, Bihar Agricultural University, Sabour, Bhagalpur-813 210 (Bihar)",2012,SAU
Bihar,39,"State Seed Multiplication Farm, Lada Distt. Samastipur, Bihar","Vice-Chancellor, Dr. RPCAU, Pusa, Samastipur-848125",2019,CAU
Bihar,40,"State Seed Multiplication Farm, Suket Distt. Madhubani, Bihar","Vice-Chancellor, Dr. RPCAU, Pusa, Samastipur-848125",2019,CAU
Bihar,41,"State Seed Multiplication Farm, Parsauni Distt. East Champaran, Bihar","Vice-Chancellor, Dr. RPCAU, Pusa, Samastipur-848125",2019,CAU
Bihar,42,"State Seed Multiplication Farm, Narkatiyaganj,Distt. West Charmparan, Bihar","Vice-Chancellor, Dr. RPCAU, Pusa, Samastipur-848125",2019,CAU
Bihar,43,"State Seed Multiplication Farm, Amas, Distt. Gaya, Bihar","Vice-Chancellor, Bihar Agril. University,, Sabour, Bhagalpur-813210",2019,SAU
Bihar,44,"Village Garo, Nawada, Distt. Jamui,Bihar","Vice-Chancellor, Bihar Animal Sciences University, Patna-800 014 (Bihar)",2019,SAU
A & N Islands,1,"Auckchung, Distt. Nicobar (A&N Islands)","The Director, Central Agricultural Research Institute, Andaman and Nicobar Islands Port Blair-744101	20.5.10",,ICAR
A & N Islands,2,Port Blair-744101,"The Director, Central Agricultural Research Institute, Andaman and Nicobar Islands Port Blair-744101",1992,ICAR
A & N Islands,3,"Govindapur, Mayabunder Tehsil, North and Middle Andman District(Andman & Nicobar)","The Director, Central Agricultural Research Institute, Andaman and Nicobar Islands, Port Blair-744101 07/02/12",,ICAR
Odisha,1,"Rajendra Experimental Farm, Distt. Bolangir-","Vice-Chancellor, Orissa University of Agriculture and Technology, Bhubaneswar(Orissa)",2009,SAU
Odisha,2,"Mungalguda, Malkangiri, Distt. Jeypora-764048","Vice-Chancellor, Orissa University of Agriculture & Technology, Bhubaneswar-751 003",2006,SAU
Odisha,3,"At. Krishna Chranpur, PO. Gopapur, Via Baramba, Distt. Cuttack","Vice-Chancellor, Orissa University of Agriculture & Technology, Bhubaneswar-751 003",2006,SAU
Odisha,4,"At/PO. Rasulgarh, Plot No. 99/980 Distt. Jharsuguda-","Vice-Chancellor, Orissa University of Agriculture & Technology, Bhubaneswar-751 003",2006,SAU
Odisha,5,"Vill Ampara, PO. Dasthati, PS. Gop Distt. Puri-","Vice-Chancellor, Orissa University of Agriculture & Technology, Bhubaneswar-751 003",2006,SAU
Odisha,6,"At.Nimkana, Po-Manijanga, ViaTirole, Distt. Jagatsinghpur-754160","Vice-Chancellor, Orissa University of Agriculture & Technology, Bhubaneswar-751 003",2005,SAU
Odisha,7,"At/PO. R.Udayagiri, Distt. Gajapati-761016","Vice-Chancellor, Orissa University of Agriculture & Technology, Bhubaneswar-751 003",2005,SAU
Odisha,8,"Rayagada, OUAT, Agriculture Farm At/Po Gunupur, Distt. Rayagada-765022","Vice-Chancellor, Orissa University of Agriculture & Technology, Bhubaneswar-751 003",2005,SAU
Odisha,9,At/PO/Distt. Nuapada-766 105,"Vice-Chancellor, Orissa University of Agriculture & Technology, Bhubaneswar-751 003",2005,SAU
Odisha,10,At.Po-Butupali Dist Boudh-762 014,"Vice-Chancellor, Orissa University of Agriculture & Technology, Bhubaneswar-751 003",2005,SAU
Odisha,11,At/PO. Shyamakhunta Distt. Mayurbhanj-757 049,"Vice-Chancellor, Orissa University of Agriculture & Technology, Bhubaneswar-751 003",2005,SAU
Odisha,12,Agricultural Farm PO. Bolangir Road Distt. Sonepur-767 017,"Vice-Chancellor, Orissa University of Agriculture & Technology, Bhubaneswar-751 003",2005,SAU
Odisha,13,"At/ PO Ranital, Distt. Bhadrak-756 111","Vice-Chancellor, Orissa University of Agriculture & Technology, Bhubaneswar-751 003",2004,SAU
Odisha,14,"At/PO, Badakumari, Umerkote, Distt. Nabarangpur-764 073","Vice-Chancellor, Orissa University of Agriculture & Technology, Bhubaneswar-751 003",2004,SAU
Odisha,15,"PO Kirei, Distt. Sundergarh-770 073","Vice-Chancellor, Orissa University of Agriculture & Technology, Bhubaneswar-751 003",2004,SAU
Odisha,16,"At Panipoila, PO. Balugaon, Distt. Nayagarh-752 070","Vice-Chancellor, Orissa University of Agriculture & Technology, Bhubaneswar-751 003",2004,SAU
Odisha,17,"RRTTS Campus, Chiplima, Distt. Sambalpur-768 025","Vice-Chancellor, Orissa University of Agriculture & Technology, Bhubaneswar-751 003",2004,SAU
Odisha,18,"At PO. Barachana, Distt. Jaipur-754 081","Vice-Chancellor, Orissa University of Agriculture & Technology, Bhubaneswar-751 003",2002,SAU
Odisha,19,"At Jajanga, PO. Kapaleshwar, Distt. Kendrapara-754 211","Vice-Chancellor, Orissa University of Agriculture & Technology, Bhubaneswar-751 003",1994,SAU
Odisha,20,"RRTTS Campus, PO Mahisapet, Distt. Dhenkanal-759 001","Vice-Chancellor, Orissa University of Agriculture & Technology, Bhubaneswar-751 003",1994,SAU
Odisha,21,"259, Vikash Nagar, PO. PTC, Distt. Angul-759 123","Vice-Chancellor, Orissa University of Agriculture & Technology, Bhubaneswar-751 003",1994,SAU
Odisha,22,"At.Gambhirpalli, PO. Larambha, Distt. Bargarh-768102","Vice-Chancellor, Orissa University of Agriculture & Technology, Bhubaneswar-751 003",1992,SAU
Odisha,23,"At/PO.Bhawanipatna, Distt. Kalahandi-766 001","Vice-Chancellor, Orissa University of Agriculture & Technology, Bhubaneswar-751 003",1992,SAU
Odisha,24,"Ucchapada, Via Kota Sahi, Distt. Cuttack-754 022","Director, Central Rice Research Institute, Cuttack-753 006",1992,ICAR
Odisha,25,"At Benakunda, PO. Dihapadhala via Bhanjanagar Distt. Ganjam-761 126","Vice-Chancellor, Orissa University of Agriculture & Technology, Bhubaneswar-751 003",1985,SAU
Odisha,26,"At/PO. Devog, Baliapal, Distt. Balasore-756023","Vice-Chancellor, Orissa University of Agriculture & Technology, Bhubaneswar-751 003",1983,SAU
Odisha,27,"P.Box No-10, Sunabeda, Distt. Koraput-763002","Vice-Chancellor, Orissa University of Agriculture & Technology, Bhubaneswar-751 003",1982,SAU
Odisha,28,"Reg. Res.Station, Judia Farm, PO. Keonjhar-758 002","Vice-Chancellor, Orissa University of Agriculture & Technology, Bhubaneswar-751 003",1982,SAU
Odisha,29,"PO. Udyagiri, Distt. Kandhamal (Phulbani)-762100","Vice-Chancellor, Orissa University of Agriculture & Technology, Bhubaneswar-751 003",1982,SAU
Odisha,30,"CIFA at PO. Kausalayaganga, via Khurda, Bhubaneswar, Distt. Khurda-751 002","Director, Central Institute of Freshwater Aquaculture, Kausalyaganga, Dhauli, Bhubneswar-751002	1976 ICAR 31 Krishi Vigyan Kendra Vill.- Ankushpur (ratanpur Farm), Tehsil- Berhrampur, Distt.- Ganjam The Vice Chancellor, Orissa University of Agriculture & Technology, Bhubaneshwar- 751 003 @ 32 Krishi",31/03/2012,SAU
West Bengal,1,"Village Milebasa, PO.Kalukhali, P.S. Bhagwangola, Distt. Murshidabad-742135","Director, of Research, Extension & Farms West Bengal University of Animal & Fishery Sciences,68, Khudiram Bose Sarani Kolkata-700 037",2006,SAU
West Bengal,2,"Block Seed Farm Chopra, Distt. Uttar Dinajpur-733216","Vice-Chancellor, Uttar Banga Krishi Vishwa Vidyalaya, Pundibari-736165",2005,SAU
West Bengal,3,"PO.Jagatballavpur, Distt. Howrah-711408","Vice-Chancellor, Bidhan Chandra Krishi Vishwa Vidyalaya, Mohanpur,Nadia-741252",2005,SAU
West Bengal,4,"PO.Chinsurah, Distt. Hooghly-712101","Vice-Chancellor, Bidhan Chandra Krishi Vishwa Vidyalaya, Mohanpur,Nadia-741252",2005,SAU
West Bengal,5,812/1-Ashoknagar Distt. North 24 Parganas-743222,"Vice Chancellor, West Bengal University of Animal & Fishery Sciences, 68, Khudiram Bose Sarani Kolkata-700 037",2005,SAU
West Bengal,6,"Central Research Inst. For Jute & Allied Fibre Bud Bud, Distt. Bardhaman-713 403","Director, Central Research Institute of Jute & Allied Fibres (CRIJAF), Nilganj, Barrackpore-700120",2005,ICAR
West Bengal,7,"Pundibari, Distt. Coochbehar-736165","Vice-Chancellor, Uttar Banga Krishi Vishwa Vidyalaya, Pundibari-736165",2004,SAU
West Bengal,8,Block Seed Farm PO.Ratua (Manik Chowk) Distt. Malda-732 205,"Vice-Chancellor, Uttar Banga Krishi Vishwa Vidyalaya, Pundibari-736165",2004,SAU
West Bengal,9,"Regional Research Station Majhihan, Patiram Distt. Dakshin Dinajpur-733 133","Vice-Chancellor, Uttar Banga Krishi Vishwa Vidyalaya, Pundibari-736165 Coochbehar",2004,SAU
West Bengal,10,"PO.Gayeshpur, Distt. Nadia-741 234","Vice-Chancellor, Bidhan Chandra Krishi Vishwa Vidyalaya, Mohanpur, Nadia-741252",2004,SAU
West Bengal,11,"Rathindra  Palli Siksha Bhavan, (Institute of Agriculture) PO.Sri Niketan, Distt. Birbhum-731236","Vice Chancellor, Vishwa Bharti Shanti Niketan-7000013, Birbhum",1994,CU
West Bengal,12,"Kalimpong, Distt. Darjeeling-734301","Vice-Chancellor, Uttar Banga Krishi Viswa Vidyalaya Pundibari-736165 Coochbehar",1992,SAU
West Bengal,13,"Kalayan, Vill-Bongabari, Vivekananda Nagar, Distt. Purulia-723 147","President, Kalyan. Vill-Bongobari Vivekanand Nagar Purulia-723147",1992,NGO
West Bengal,14,"PO.Ramsha via Lataguri, Distt. Jalpaiguri-735219","Vice Chancellor, West Bengal University of Animal & Fishery Sciences, 68, Khudiram Bose Sarani Kolkata-700 037",1983,SAU
West Bengal,15,"WBCADC, Sonamukhi, Distt. Bankura-722207	Executive Vice","Chairman, WB Comprehensive Area Development Corporation, 6-A, Raja Subodh Mullick Square, Calcutta-700013",1983,PSU
West Bengal,16,"C/O.Sri Ramkrishna Ashram, PO. Nimpith Ashram, Distt. South 24-Parganas-743338","Chairman, Sri RamkrishnaAshram, PO. Nimpith Ashram South 24 Parganas-743338",1979,NGO
West Bengal,17,"Seva Bharati, Kapgari, Distt. West Medinipur-721505","President, Sewa Bharti, Kapgari, West Midnapur-721505",1976,NGO
West Bengal,18,"Vill.-Arapanch, Mouza-Natagachi and Vill.-Narendrapur, Mouza- Ukhilapaikpara, South 24 Parganas Distt. (West Bengal).","Vice Chancellor, Ramakrishna Mission Vivekananda University, P.O.- Belur Math, Distt.- Howrah -711 02(West Bengal)	28/02/2013 @",28/02/2013,DU
West Bengal,19,Malda(West Bengal).,"Director, ICAR-CISH, Lucknow Regional Station, Malda	20/10/2016 @",20/10/2016,ICAR
West Bengal,20,North 24 Pargana(West Bengal),"Director, ICAR-CRIJAF, Barrackpore	20/10/2016 @",20/10/2016,ICAR
West Bengal,21,"North Farm of the ICAR-CRIJAF, North 24 Paraganas Distt. Of West Bengal.","Director, ICAR-CRIJAF, Barrackpore	20/10/2016 @",20/10/2016,ICAR
West Bengal,22,Eastern Regionsl Station (NDRI) Kalyani Distt. Nadia,"Director, ICAR-NDRI,Karnal-132001 (Haryana)	28/11/2016 @",28/11/2016,ICAR
West Bengal,23,"Sargachi, Vill +PO ,PS Beldanga Distt. Murshidabad-742408, West. Bengal.","The Vice Chancellor, Rama Krishna Mission Vivekananda University, P.O. Belur Math, Distt. Howrah-711 202, West Bengal.	@",,SAU
Assam,1,Distt. Hailakandi,"Director, ICAR Research Complex for NEH Region Umiam, Barapani, Meghalaya",2009,
Assam,2,"Romai village, Distt. Dibrugarh","Vice-Chancellor, Assam Agricultural University, JorhAt.785013",2006,SAU
Assam,3,"Gelaidingi Village, Distt. Darrang","Vice-Chancellor, Assam Agricultural University, JorhAt.785013",2006,SAU
Assam,4,"Kaliapani near Teok, Fidy. Distt. Jorhat","Vice-Chancellor, Assam Agricultural University, JorhAt.785013",2006,SAU
Assam,5,"Dudhnoi, Distt. Goalpara	NRC on Pig, Kalakhetra Road, Guwahati	2006 ICAR",,2006,ICAR
Assam,6,"Chirakuta, (Revenue village Jamduar Pt.II), Distt. Dhubri","Vice-Chancellor, Assam Agricultural University, JorhAt.785013",2005,SAU
Assam,7,Silagaon (Silapathar) Distt. Dhemaji,"Vice-Chancellor, Assam Agricultural University, JorhAt.785013",2005,SAU
Assam,8,"Sariahtoli, Nalbari Distt. Nalbari-781337","Vice-Chancellor, Assam Agricultural University, JorhAt.785013",2004,SAU
Assam,9,"Howly, Distt. Barpeta-781316","Vice-Chancellor, Assam Agricultural University, JorhAt.785013",2004,SAU
Assam,10,"Bongaigaon, Distt. Bongaigaon-783385","Vice-Chancellor, Assam Agricultural University, JorhAt.785013",2004,SAU
Assam,11,"Regional Agril. Research Station, Diphu Distt. Karbi Anglong-782460","Vice-Chancellor, Assam Agricultural University, JorhAt.785013",2004,SAU
Assam,12,"Kamrup, Kahikuchi, Guwahati Distt. Kamrup-781017","Vice-Chancellor, Assam Agricultural University, JorhAt.785013",2004,SAU
Assam,13,"RARS, North Lakhimpur Distt. N. Lakhimpur-787032","Vice-Chancellor, Assam Agricultural University, JorhAt.785013",2004,SAU
Assam,14,"P.Box No.33, Shillongani, RARS, Nagaon Distt. Nagaon-782001","Vice-Chancellor, Assam Agricultural University, JorhAt.785013",2004,SAU
Assam,15,"Citrus Research Station, Gellapukhuri, Distt. Tinsukia-786125","Vice-Chancellor, Assam Agricultural University, JorhAt.785013",2004,SAU
Assam,16,"RARS, Distt. Karimganj-788710","Vice-Chancellor, Assam Agricultural University, JorhAt.785013",2004,SAU
Assam,17,"Nazira,SDAO Campus, Distt. Sibsagar--785685","Vice-Chancellor, Assam Agricultural University, JorhAt.785013",2003,SAU
Assam,18,"Silchar, Distt. Cachar -788025","Vice-Chancellor, Assam Agricultural University, JorhAt.785013",1994,SAU
Assam,19,"Khumtai,Golaghat, Distt. GolaghAt.7850619","Vice-Chancellor, Assam Agricultural University, JorhAt.785013",1993,SAU
Assam,20,"Gossaigaon, Telipara, Distt. Kokrajhar-783360","Vice-Chancellor, Assam Agricultural University, JorhAt.785013",1985,SAU
Assam,21,"Napam, Tezpur, Distt. Sonitpur-784028","Vice-Chancellor, Assam Agricultural University, JorhAt.785013",1979,SAU
Assam,22,"Sarbaherua under Pub dalgaon, Udalguir District","Vice-Chancellor, Assam Agricultural University, Jorhat-785013",06/02/2012,SAU
Assam,23,"Bongaigaon, District","Vice-Chancellor, Assam Agricultural University, Jorhat-785013",2014,SAU
Assam,24,"Morigaon, District","Vice-Chancellor, Assam Agricultural University, Jorhat-785013",2014,SAU
Assam,25,"Vill.-Dhepargaou, Mouza- Kaurbha Goreswar Revenue Circle Distt. –Baksa (Assam)","Vice-Chancellor, Assam Agricultural University, Jorhat-785013",2014,SAU
Assam,26,"Village Sarvagram (Jatinga Lampu), P.S. Halflong, Distt. Dima Hasao, Assam. The","Chief Trustee,, Keshav Smarak Nyas (NGO), Namsong Bhavan, Opp. C.I. Hall,Main Road, Halflong, Keshav Smarak Nyas (NGO), Distt. Dima Hasao, Assam",,NGO
Arunachal Pradesh,1,Distt. Lohit,"Director, ICAR Research Complex for NEH Region, Umiam,Barapani – 793 103 (Arunachal Pradeh)",2007,ICAR
Arunachal Pradesh,2,Distt. Upper Subansiri,"Director, Directorate of Agriculture, Govt. of Arunachal Pradesh Naharlagun-791110, Itanagar	2007 State Govt.",2007,State Govt
Arunachal Pradesh,3,"Jachhapa, (Yachuli), Distt. Lower Subansiri","Director, Directorate of Agriculture, Govt. of Arunachal Pradesh Naharlagun-791110, Itanagar	2006 State Govt.",2006,State Govt
Arunachal Pradesh,4,"Karsingsa Animal Husbandry Farm, Distt. Papumpare","Director, Department of Animal Husbandry and Veterinary, Govt. of Arunachal Pradesh, Nirjuli, Naharlagun-791110 State Govt.",2006,State Govt
Arunachal Pradesh,5,Korak (Geku township) Distt. Upper Siang,"Director, Directorate of Agriculture, Govt. of Arunachal Pradesh Naharlagun 791110, Itanagar.	2006 State Govt.",2006,State Govt
Arunachal Pradesh,6,"Pampoli, PO. Seppa, Distt. East Kameng","Director, Department of Agriculture, Govt. of Arunachal Pradesh Naharlagun-791110, Itanagar.	2006 State Govt.",2006,State Govt
Arunachal Pradesh,7,Distt. Tawang,"Director, Directorate of Agriculture, Govt. of Arunachal Pradesh Naharlagun-791110, Itanagar",2006,State Govt
Arunachal Pradesh,8,"College of Horticulture & Forestry, CAU, PasighAt.791102, Distt. East Siang","Vice-Chancellor, Central Agricultural University, Imphal-795004",2006,CAU
Arunachal Pradesh,9,"Dirang, Distt. West Kameng","Director, Directorate of Agriculture, Govt. of Arunachal Pradesh, Naharlagun-791 110, Itanagar	2004 State Govt.",2004,State Govt
Arunachal Pradesh,10,"Tirap, PO.Deomali, Distt. Tirap-786629","Director, Directorate of Agriculture, Govt. of Arunachal Pradesh, Naharlagun-791 110, Itanagar	2004 State Govt.",2004,State Govt
Arunachal Pradesh,11,"Distt. Agril. Officer, Roing, Distt. Lower Dibang Valley","Director, Directorate of Agriculture, Govt. of Arunachal Pradesh Naharlagun (Arunachal Pradesh)	2004 State Govt.",2004,State Govt
Arunachal Pradesh,12,"Basar, Distt. West Siang -790051","Director, ICAR Complex for NEH Region, Umroi Road, Barapani-793103 Meghalaya",1979,ICAR
Arunachal Pradesh,13,"Jairampur, Distt.-Changlang (Arunachal Pradesh)	Director of Agriculture, Department of Agriculture, Govt. of Arunachal Pradesh, Naharlagun	Deptt. Of State Agriculture 09/07/2011",,09/07/2011,
Arunachal Pradesh,14,"At Metengliang Village, Metengliang Circle, Changlongam C.D. Block, Hayuliang P.O., Anjaw Distt. (Arunachal Pradesh)","Director, ICAR Research Complex for NEH Region, Umiam,Barapani – 793 103 (Arunachal Pradeh)",22/11/2013,ICAR
Arunachal Pradesh,15,"Niaunu vill.P.S Longding, Distt. Longding-Arunachal Pradesh","Director, ICAR Complex for NEH Region, Umroi Road, Barapani-793103",2017,ICAR
Arunachal Pradesh,16,"Village(Chomi) PS Koloriang, , Distt. Koloriang	Head, State Horti. Resh. and Development Institute , Directorate of Horticulture, Govt. of Arunachal Pradesh Chimpu-791113, Itanagar	2018 State Govt.",,2018,State Govt
Arunachal Pradesh,17,"Village Anini Town (near JNV), Distt. Dibang Valley, Arunachal Pradesh	Head, State Horti. Resh. and Development Institute , Directorate of Horticulture, Govt. of Arunachal Pradesh Chimpu-791113, Itanagar	2020 State Govt.",,2020,State Govt
Sikkim,1,"Geba near Geyzing, Distt. West Sikkim-	Principal","Director, (FS&ADD), Food Security and Agriculture Development Department, Krishi Bhawan, Tadong-737 102",2005,State Govt
Sikkim,2,"Namthang, Distt. South Sikkim-	Principal","Director, (FS&ADD), Food Security and Agriculture Development Department, Krishi Bhawan, Tadong-737 102",2005,State Govt
Sikkim,3,"Tadong, Gangtok, Distt. North Sikkim-737402	The Additional","Director, (F.C.) Agriculture, Department of Agriculture, Govt. of Sikkim, Krishi Bhavan, Tadong-737102	2004 State Govt.",2004,State Govt
Manipur,1,"Hundung village, Distt. Ukhrul","Director, ICAR Complex for NEH Region, Umroi Road, Barapani-793103",2008,ICAR
Manipur,2,"Monsdang Pantha Village, Distt. Chandel-","Director, ICAR Complex for NEH Region, Umroi Road, Barapani-793103",2006,ICAR
Manipur,3,"Pearsonmun village, Distt. Churachandpur-","Director, ICAR Complex for NEH Region, Umroi Road, Barapani-793103",2005,ICAR
Manipur,4,Charoi-Chagotlong Village Distt. Tamenglong-,"Director, ICAR Complex for NEH Region, Umroi Road, Barapani-793103",2005,ICAR
Manipur,5,"Andro village, Distt. Imphal East-","Vice-Chancellor, Central Agricultural University (CAU)",2005,CAU
Manipur,6,"Wangbal Rice Research Station, Distt. Thoubal-","Director, Department of Agriculture, Govt. of Manipur, Manipur",2005,State Govt
Manipur,7,"Bishnupur Utlou, PO. Nambol Distt. Bishnupur-785134	Uttou Joint Farming Cum Pisci Culture Coop. Society Ltd., Bishnupur	2003 NGO",,2003,NGO
Manipur,8,"Sylvan  Hengbung, PO. Kangpokpi Distt. Senapati -795129","President, Foundation for Environment and Eco. Dev. Services, (FEEDS), Imphal",2002,NGO
Manipur,9,"ICAR Manipur Centre, Lamphelpat, Distt. Imphal West-795004","Director, ICAR Complex for NEH Region, Umroi Road, Barapani-793103",1979,ICAR
Tripura,1,"Salema Model Orchard (Farm), Distt. Dhalai-","Director, of Agriculture State Department of Agriculture, Govt. of Tripura, Agartala",2005,State Govt
Tripura,2,"Panisagar Progeny Orchard, Distt. North Tripura-","Director, of Agriculture State Department of Agriculture, Govt. of Tripura, Agartala",2005,State Govt
Tripura,3,"Birchandra Manu, Manpathar Distt. South Tripura-799 144","Director, ICAR Complex for NEH Region, Umroi Road,Barapani-793103 (Meghalaya)",1984,ICAR
Tripura,4,"Divyodaya,Chebri, Distt. West Tripura-799207	The General","Secretary, Sri Ramkrishna Seva Kendra, 23, R.N. Mukherjee Road, Kolkata",1979,NGO
Tripura,5,"Vill. Belbari-T.C.O., Jirnia at Champaknagar Town, West Tripura, Distt. of Tripura","Director, ICAR Complex for NEH Region, Umroi Road, Barapani-793103 (Meghalaya)",2016,ICAR
Tripura,6,"Rangkang Farm, Amarpur., Gomati Distt. of Tripura","Director, of Agriculture Department of Agriculture, Govt. of Tripura, Agartala, West Tripura.	2017 state Govt",2017,
Tripura,7,"Chantail Orchard, Kailasahar., Unakoti Distt. of Tripura","Director, of Agriculture Department of Agriculture, Govt. of Tripura, Agartala, West Tripura.	2017 state Govt",2017,
Tripura,8,"Village Latiacharra under Bishramganj, P.S. , Jampuijala sub-division,Distt. Sepahijala, Tripura VC Central Agricultural University,Lamphelpat, Imphal, Manipur-795 004.	2018 CAU",,2018,CAU
Nagaland,1,"Longasachung Village at Satlsuphen, Distt. Wokha","Director, ICAR Reseach Complex for NEH Region, Umaiam, Barapani.",2006,ICAR
Nagaland,2,"Aboi, Distt. Mon-","Director, Department of Agriculture, Govt. of Nagaland, Kohima-797 001	2006 State Govt.",2006,State Govt
Nagaland,3,"Tesophenyu, Distt. Kohima-","Director, , Department of Agriculture, Govt. of Nagaland, Kohima-797 001	2005 State Govt.",2005,State Govt
Nagaland,4,"Kuthur Seed Farm, Distt. Tuensang-","Director, Department of Agriculture, Govt. of Nagaland, Kohima-797 001",2005,State Govt
Nagaland,5,"Lumami, Distt. Zunheboto-","Vice Chancellor, Nagaland Universty, Lumami Camp, Kohima-797 001",2005,CU
Nagaland,6,"Pfutsero, Distt. Medziphema-797 106","Director, NRC on Mithun, Jharanapani, Medziphema-797 106",2002,ICAR
Nagaland,7,"KVK Yisemyong, SARS, P.Box No.23, Distt. Mokokchung -798601","Director, Department of Agriculture, Govt. of Nagaland, Kohima-797 001	2002 State Govt.",2002,State Govt
Nagaland,8,"Jharnapani, Distt. Dimapur-797 106","Director, ICAR Complex for NEH Region, Umroi Road, Barapani-793103 (Meghalaya)",1977,ICAR
Nagaland,9,"Naga Kaho Junction, Kukphang Village, Distt. Longleng (Nagaland)","Director, ICAR Research Complex for NEH Region, Umroi Road,UMIAM Meghalaya 793 103",,
Nagaland,10,"Village Jalukie Town, Peran Distt. of Nagaland","Director, ICAR Research Complex for NEH Region, Umroi Road,UMIAM Meghalaya 793 103",,
Nagaland,11,"Longtroktrok,, Kiphire Dostt. Of Nagaland","Director, ICAR Research Complex for NEH Region, Umroi Road,UMIAM Meghalaya 793 103",,
Mizoram,1,"Chhatla, Aizwal, Distt. Chimtuipui-796001	Department of Agriculture, Govt. of Mizoram, Aizwal	2005 State Govt.",,2005,State Govt
Mizoram,2,"Sihtlangpuiram Chhung, Distt. Lawngtlai	Department of Agriculture, Govt. of Mizoram, Aizwal	2005 State Govt.",,2005,State Govt
Mizoram,3,"Lengpui, Distt. Mammit	Department of Agriculture, Govt. of Mizoram, Aizwal	2005 State Govt.",,2005,State Govt
Mizoram,4,"N. Vanlaiphai, Distt. Serchhip	Department of Agriculture, Govt. of Mizoram, Aizwal	2005 State Govt.",,2005,State Govt
Mizoram,5,"College of Vet. Sciences & Animal Husbandry, Distt. Aizwal-796007","Vice-Chancellor, Central Agricultural University (CAU)",2005,CAU
Mizoram,6,"Distt. Champhai	Department of Agriculture, Govt. of Mizoram, Aizwal	2004 State Govt.",,2004,State Govt
Mizoram,7,"KVK Hnathial, Govt. of Mizoram, Distt. Lunglei-796701	Department of Agriculture, Govt. of Mizoram, Aizwal	1995 State Govt.",,1995,State Govt
Meghalaya,1,"Fruits Garden, Dhankheti, Shillong, Distt. Jaintia Hills-793001	Dpartment of Agriculture, Govt of Meghalaya, Shillong.	2004 State Govt.",,2004,State Govt
Meghalaya,2,"Fruits Garden, Dhankheti, Shillong Distt. East Khasi Hills-793001	Department of Agriculture, Govt of Meghalaya, Shillong.	2004 State Govt.",,2004,State Govt
Meghalaya,3,"Fruits Garden, Dhankheti, Shillong, Distt. West Khasi Hills-793001	Department of Agriculture, Govt of Meghalaya, Shillong.	2004 State Govt.",,2004,State Govt
Meghalaya,4,"Umroi Road, Barapani Distt. Ri-bhoi-793103","Director, ICAR Complex for NEH Region, Umroi Road, Barapani-793103",2002,ICAR
Meghalaya,5,"Sangsanggiri Dobasipara, Tura, Distt. West Garo Hills-794005","Director, ICAR Complex for NEH Region, Umroi Road, Barapani-793103",1979,ICAR
Meghalaya,6,East Garo Hills Meghalaya,"Vice-Chancellor,, Central Agricultural University, Imphal-795004	2017 SAU8",2017,
Meghalaya,7,South Garo Hills Meghalaya,"Vice-Chancellor,, Central Agricultural University, Imphal-795004",2017,SAU
Maharashtra,1,Buldana District (Maharashtra),"Vice Chancellor Panjabrao Deshmukh Krishi Viyapeeth,",2010,SAU
Maharashtra,2,"Beed District, Maharashtra","Vice Chancellor Marathwada Agricultural University, Parbhani (Maharashtra)",2010,SAU
Maharashtra,3,"Village Sisa (Udegaon), Taluka & District Akola, Majharashtra	The","Chairman, Rural Development & Research Foundation, C/o Pristine Infocast Pvt. Ltd., Ramlata Business Center, Amravati Road, Akola, Maharashtra – 444001",2010,NGO
Maharashtra,4,"Gramonnati Mandal, Village Narayangaon, Tal.Junnar Distt. Pune-410504","Chairman, Grammonnati Mandal Village Narayangaon. Tal, Junnar Distt. Pune (MS)",2010,NGO
Maharashtra,5,"Satara District, Maharashtra","Vice-Chancellor, Mahatama Phule Krishi Vidyapeeth, Rahuri-413 722",2010,SAU
Maharashtra,6,"Jalgaon District, Maharashtra","Vice-Chancellor, Mahatama Phule Krishi Vidyapeeth, Rahuri-413 722",2010,SAU
Maharashtra,7,"Chincholirao Wadi, C/o Abhinav College, MIDC, Distt. Latur-413512","Secretary, Manjara Charitable Trust, Deshmukh Complex, Barshi Road, Latur-413 512",2005,NGO
Maharashtra,8,"Waghapur Road, PO. & Distt. Yavatmal-445001","Vice-Chancellor, Punjabrao Deshmukh Krishi Vidyapeeth, Akola-444104",2004,SAU
Maharashtra,9,"Hiwara, Post Ratnara, Distt. Gondia-441614","Vice-Chancellor, Punjabrao Deshmukh Krishi Vidyapeeth, Akola-444104",2004,SAU
Maharashtra,10,"PO. Sonapur, Distt. Gadchiroli 442 605","Vice-Chancellor, Punjabrao Deshmukh Krishi Vidyapeeth, Akola-444104",2004,SAU
Maharashtra,11,"Ausa Road, PO.Tuljapur Distt. Osmanabad-413601","Vice-Chancellor, Marathwada Agril. University Parbhani-415725",2004,SAU
Maharashtra,12,"PO. KarjAt.410201, Distt. Raigarh","Vice-Chancellor, Bala Saheb Sawant Konkan Krishi Vidyapeeth, Dapoli, Ratanagiri-415 712",2004,SAU
Maharashtra,13,"PO. Sakoli, Distt. Bhandara -441802","Vice-Chancellor, Punjabrao Deshmukh Krishi Vidyapeeth, Akola-444104",2002,SAU
Maharashtra,14,"Tondapur, PO. Waranga Tal. Kalamnuri, Distt. Hingoli-431 701","President, Saint Namdeo Sevabhavi Sanstha, Saraswati Nagar, Akola Road, Hingoli-431701",2002,NGO
Maharashtra,15,"At & PO. Kolde, Distt. Nandurbar-425412","Chairman Dr. Hedgewar Seva Samiti, Jayant Chowk, Via Dhule, Nandurbar-425412",2002,NGO
Maharashtra,16,"PO. Sindewahi, Distt. Chandrapur-441222","Vice-Chancellor, Punjabrao Deshmukh Krishi Vidyapeeth, Akola-444104",1999,SAU
Maharashtra,17,"“Chirantan” Madhuban Colony, Camp, Distt. Amaravathi 444 602","President, Sharam Safayalya Foundation , Chirantan Madhuban Colony Camp,Amravati-444 602",1995,NGO
Maharashtra,18,"Akola, PO.Badnera (Durgapur) Amaravati-444 701","President, Sharam Sadhana Trust, 57 Congress Nagar, Amravati-447602",1995,NGO
Maharashtra,19,"PO. Kirol, Tal. Malvan Distt. Sindhudurg-416 616","Chairman, Sindhudurg Zilla Krishi Pratishthan PO-Kirlos, Tal-Malvan, Sindhudurg-416 616",1995,NGO
Maharashtra,20,"Post Box No. 2, Post Shankar Nagar, Distt. Nagpur-440 010","Director, Central Institute for Cotton Research, PO.No. 20, Nagpur-440010",1994,ICAR
Maharashtra,21,"Dnyanagangotri, Near Gangapur Dam, Distt. Nashik-422 222","Vice-Chancellor, Y.C. Maharastra Open University, Dnyanagangotri, Near Gangapur Dam, Nashik-422 222",1994,OEI
Maharashtra,22,"P.B.No. 33, Jitur Road, Distt. Parbhani-431401","Chairman Jeevan Jyoti Charitable Trust Bhagyalaxmi Nagar, Basmath Road Parbhani-431 401",1994,NGO
Maharashtra,23,"PO. Talasade, Tal.Hathkangale Distt. Kolhapur-416 112","Chairman, D.Y.Patil Education Society, PO. Talashande,Tal-Hathkangle Kolhapur-416 112",1994,NGO
Maharashtra,24,"PO. Jalgaon, Jamod, Distt. Buldana-443402","President Satpuda Edn. Society Jalgaon, Jamod, Buldana-443402",1994,NGO
Maharashtra,25,"Pokharni Phata Purana Road, PO. Limbgaon, Distt. Nanded-431602","Chairman, J.N. Instt. of Edn. Sci. & Tech. Research Pokharni (phata) Purna Road,PO.Limbgaon Nanded-431 602",1994,NGO
Maharashtra,26,"Gate No: 52/1/B, At: Khed, PO. Kegaon, Barshi Road, Distt. Solapur 413001","Chairman Shabari Krishi pratshtan 414,North Kasba,M.G.Road Solapur-413 001",1994,NGO
Maharashtra,27,"PO. Risod, Loni Road Distt. Washim-444 506","President, SUVIDE Foundation, Risod, Washim-444 506",1994,NGO
Maharashtra,28,"Post Box No:28, PO. Ambajogai Distt. Beed-431 517","Chairman, Deen Dayal Research Institute, Rani Jhansi Marg, Jhandewalan Ext.",1992,NGO
Maharashtra,29,"PO. Kalwade, Tal. Karada, Distt. Satara-415110	Trustee Kalayani Gorakshan Trust, Shangrila Gardens B&C Wings, First Floor, Bund Garden Road, Pune-411 001	1992 NGO",,1992,NGO
Maharashtra,30,"Sharda Nagar, Malegaon Colony, PO. Baramati, Distt. Pune-413115","Chairman, Agril. Development Trust Sharda Nagar, Baramati-413115, Pune",1992,NGO
Maharashtra,31,"PO Babhleshwar, Tal. Rahata. Distt. Ahmednagar-413 737","President Pravara Instt. Of Res. & Edn. In Natural & Soc. Sci., Loni, Rahata PO Babhaleshwar, Ahmednagar-413 737",1992,NGO
Maharashtra,32,"PO. Kanchanpur, Tal. Miraj Distt. Sangli-416 306","Chairman Vasant Prakash Vikas Pratisthan, SRISAI, Madhavanagar Sangli-416 416",1992,NGO
Maharashtra,33,"Kharpudi Post Box No: 45, Distt. Jalna-431 203","Chairman, Marathwada Shethi Sahayya Mandal, P.B.No. 45, Jalna-431203",1992,NGO
Maharashtra,34,"PO. Pal, Tal. Raver Distt. Jalgaon-425 508","Secretary, Satpuda Vikas Mandal PO Pal, Raver, Jalgaon-425508",1984,NGO
Maharashtra,35,"Paithan Road, Distt. Aurangabad-431 005","Vice-Chancellor, Marathwada Agril. University, Parbhani 431402",1983,SAU
Maharashtra,36,"PO.Shirgaon, Distt. Ratnagiri-415 629","Vice-Chancellor, Bala Saheb Sawant Konkan Krishi Vidyapeeth, Dapoli, Ratanagiri-415 712",1983,SAU
Maharashtra,37,"Parola Road, Distt. Dhule-424004","Vice-Chancellor, Mahatama Phule Krishi Vidyapeeth, Rahuri-413 722",1983,SAU
Maharashtra,38,"PO. Selsura, Distt. Wardha-422 001","Vice-Chancellor, Punjabrao Deshmukh Krishi Vidyapeeth, Akola-444104",1976,SAU
Maharashtra,39,"PO. Kosbad Hill, Distt. Thane-401703","President, Gokhle Edn. Society,Vidyanagar Nashik-422005",1976,NGO
Maharashtra,40,"Vadel, Taluka –Malegaon Distt.-Nashik(Maharashtra)","President Rich Field Agro-e-Research & Development Centre, B-27, M.I.D.C. Ambad, Nashik- 422 010(Maharashtra)	NGO",2011,
Maharashtra,41,"Agricultural Reseaerch Station, Mohol, Distt.- Solapur(Maharashtra)","Vice Chancellor, Mahatma Pule Krishi Vidyapeeth, Rahuri- 41372 Distt.- Ahmednagar (Maharashtra)	SAU",2011,
Maharashtra,42,"Village- Gandheli, Tq. & Distt.-Aurangabad(Maharashtra)","Secretary, Mahatma Gandhi Mission, N-6, CIDCO, Aurangabad- 431 003(Maharashtra)	NGO",2011,
Maharashtra,43,"Village- Sagroli, Taluka- Biloli Distt.-Nanded(Maharashtra)","Chairman Sanskriti Samvardhan Mandal Shardanagar, Sagroli, Nanded- 431 731 (Maharashtra)",2011,NGO
Maharashtra,44,"Dahigaoun Village, Shevgaon Taluka. Distt. Ahamednagar",,,
Maharashtra,45,"Vill. Sangvi (Railway) Tq. Darwha, Yavatmal Distt. of Maharashtra","President, Navsanjivan Shikshan Prasarak Mandal, At Tq. Darwha, Yavatmal-445 202",2016,NGO
Maharashtra,46,"Village Badnapur, Tq. Badnapur,, Distt. Jalna, Maharashtra.","Vice Chancellor,, Vasantrao Naik Marathwada Krishi Vidyapeeth, , Distt. Parbhani-431 002 (Maharashtra)",2016,SAU
Maharashtra,47,"Distt. Kolhapur, Maharashtra.","President, Shri Sidhagiri Math, Kaneri, Kolhapur (Maharastra",2018,NGO
Maharashtra,48,"Village Tadsar, Tq. Kadegaon,, Distt. Sangli, Maharashtra.","Vice Chancellor, Maharashtra Animal and Fishery Sciences University, Nagpur-440001 (Maharashtra)	SAU",2019,
Maharashtra,49,"Village Dudhbardi, Tq. Kalmeshwar, Distt. Nagpur, Maharashtra.","Vice Chancellor, Maharashtra Animal and Fishery Sciences University, Nagpur-440001 (Maharashtra)	SAU",2019,
Gujarat,1,"Village Sansora, Distt. Bhavnagar-","Director, Lokbharati Gramvidyapith, PO. Sansora, Taluka Sihor, Distt. Bhavnagar",2009,NGO
Gujarat,2,"Kodinar Taluka, Distt. Junagadh-","Director, Ambuja Cement Foundation, 248, Okhla Industrial Estate, Phase-III, New Delhi-110020",2007,NGO
Gujarat,3,"Navsari NAU Campus, Distt. Navsari-396 450","Vice-Chancellor, Navsari Agricultural University, Navsari-396450, Gujarat",2006,SAU
Gujarat,4,"Seed Multiplication Farm, Dedidyapada, Distt. Narmada-","Vice-Chancellor, Navsari Agricultural University, Navsari-396450, Gujarat",2006,SAU
Gujarat,5,"Nanakanthasar, Ta.-Chotila, Distt. Surendranagar-363520	Vice-Chanmcellor, Junagadh Agricultural Universtiy, Junagadh-362 001 (Gujarat)	2005 SAU",,2005,SAU
Gujarat,6,"Dethali, Distt. Kheda-378210","Vice-Chancellor, Gujrat Vidyapeeth, Ahmedabad-382 620",2005,DU
Gujarat,7,"Panchmahal (CIAH) Vejalpur (Godhra) Distt. Panchmahal-389340	Central Institute for Arid Horticulture, Bikaner, Rajasthan	2005 ICAR",,2005,ICAR
Gujarat,8,"Kherva, Distt. Mehsana-382711	Mehsana District Education Foundation, Khera , Mehsana	2005 NGO",,2005,NGO
Gujarat,9,"Khedbrahma, Distt. Sabarkantha-383255","Vice-Chancellor, Sardarkrushinagar Dantiwara Agricultural Univesity, S.K.Nagar Distt. Banaskantha, Gujarat",2004,SAU
Gujarat,10,"Arnej.Ta-Dholka, Distt. Ahemedabad-382 230","Vice Chancellor Anand Agricultural University,",2004,SAU
Gujarat,11,"Regional Rice Research Station, Vyara, Distt. Tapi .394650","Vice-Chancellor, Navsari Agricultural University, Navsari, Gujarat",2004,SAU
Gujarat,12,"Agril. Research Farm, Keria Road, Distt. Amreli-365601	Vice-Chanmcellor, Junagadh Agricultural Universtiy, Junagadh-362 001 (Gujarat)	2004 SAU",,2004,SAU
Gujarat,13,"Main Dry Farming Research Station, Targhadia, Distt. Rajkot-60003	Vice-Chanmcellor, Junagadh Agricultural Universtiy, Junagadh-362 001 (Gujarat)	2004 SAU",,2004,SAU
Gujarat,14,"Air Force Road, Distt. Jamnagar-361006	Vice-Chanmcellor, Junagadh Agricultural Universtiy, Junagadh-362 001 (Gujarat)	2004 SAU",,2004,SAU
Gujarat,15,"Khapat, Distt. Porbandar-360579	Vice-Chanmcellor, Junagadh Agricultural Universtiy, Junagadh-362 001 (Gujarat)	2004 SAU",,2004,SAU
Gujarat,16,"Po-Chaswad, Ta.Valiya, Distt. Bharuch-393130","Chairman, Bhartiya Agro Industries Foundation, Baroda",1994,NGO
Gujarat,17,"Gola Gamdi, PO-Bahadarpur, Distt. Vadodara-391125","Chairman, Mangal Bharti Bahadurpur, Baroda-391125",1994,NGO
Gujarat,18,"Ta. Kaparada, Distt. Valsad-396191","Vice-Chancellor, Gujrat Vidyapeeth, Ahmedabad-382 620",1992,DU
Gujarat,19,"Samoda, Ganwada Tal. Sidhpur, Distt. Patan-384130","Director, Sarswati Gram Vidyapeeth",1992,NGO
Gujarat,20,"Ta. Mundra, PO. Sadau, Distt. Kuchchh-370 421","Chairman, Rural Agro. Research & Development Society, Juhu, Bombay",1992,NGO
Gujarat,21,"Anand Devataj Sojitra Distt. Anand-387240	ViceChancellor Anand Agricultural University, Anand	1985 SAU",,1985,SAU
Gujarat,23,"Randheja, Distt. Gandhinagar-382620","Vice-Chancellor, Gujrat Vidyapeeth, Ahmedabad-382 620",1977,DU
Gujarat,24,"Deesa, Distt. Banaskantha-385535","Vice-Chancellor, Sardarkrushinagar Dantiwara Agricultural Univesity, S.K.Nagar Distt. Banaskantha, Gujarat.",1976,SAU
Gujarat,25,"Devgarh Baria, Distt. Dahod-389380	ViceChancellor Anand Agricultural University, Anand	1976 SAU",,1976,SAU
Gujarat,26,"RRS Kukma, Bhuj Distt.- Kutch (Gujarat)",Director Central Arid Zone Reserch Insttitute(ICAR) Jodhpur-342005(Rajasthan)	ICAR,16/11/2010,
Gujarat,27,"Cotton Research Station, Athwaline Distt. Surat","The Vice Chancellor Navsari Agricultural University, Navsari – 396 450 (Gujarat)",13/10/2011,SAU
Gujarat,28,"TDS Farm, Pipalia, Ta. - Dhoraji, Distt. – Rajkot (Gujarat)","The Vice Chancellor, Junagadh Agricultural University, Junagadh-362 001 (Gujarat)",16/03/2012,ICAR
Gujarat,29,Distt. – Banaskantha (Gujarat),"The Vice Chancellor, Sardarkrushinagar Dantiwara Agricultural Univesity, S.K.Nagar Distt. Banaskantha, Gujarat.",12/03/2015,ICAR
Gujarat,30,Distt. – Morbi (Gujarat),"The Vice Chancellor, JAU, Junagarh, Gujarat",18/10/2016,ICAR
Goa,1,"Panaji, Goa Distt. South Goa-	Directorate of Agriculture, Government of Goa Panaji	2004 State Govt.",,2004,State Govt
Goa,2,"Krishi  ICAR Research Complex for Goa, Ela, Old Goa Taluka Tiswadi, Distt. North Goa-403 402","Director, ICAR Complex, Ela, Old Goa-403202",1984,ICAR
Chhattisgarh,3,"At Dumerbahar (Pathalgaon), Distt. Jashpur-","Vice-Chancellor, Indira Gandhi Krishi Vishwavidyalaya, Raipur-492 021",2007,SAU
Chhattisgarh,4,"Vill. Singarbhata (Indrapratha), Distt. Kanker-","Vice-Chancellor, Indira Gandhi Krishi Vishwavidyalaya, Raipur-492 021",2007,SAU
Chhattisgarh,5,"Govenrment Farm at Surgi, Distt. Rajanandangaon-","Vice-Chancellor, Indira Gandhi Krishi Vishwavidyalaya, Raipur-492 021",2007,SAU
Chhattisgarh,6,Distt. Korba,"Vice-Chancellor, Indira Gandhi Krishi Vishwavidyalaya, Raipur-492 021",2006,SAU
Chhattisgarh,7,"Kendriya Vidyalaya, Distt. Dantewada-","Vice-Chancellor, Indira Gandhi Krishi Vishwavidyalaya, Raipur-492 021",2005,SAU
Chhattisgarh,8,"Bhapradih Irrigation Colony Balodabazar Road, Bharatpara, Distt. Balodabazar-493 118","Vice-Chancellor, Indira Gandhi Krishi Vishwavidyalaya, Raipur-492 021",2004,SAU
Chhattisgarh,9,"Near district Panchayat, Janjgir, Distt. Janjgir-Champa-495668","Vice-Chancellor, Indira Gandhi Krishi Vishwavidyalaya, Raipur-492 021",2004,SAU
Chhattisgarh,10,Distt. Raigarh-496001,"Vice-Chancellor, Indira Gandhi Krishi Vishwavidyalaya, Raipur-492 021",2004,SAU
Chhattisgarh,11,"Polytechnic Campus, RUDRI, Distt. Dhamtari-493773","Vice-Chancellor, Indira Gandhi Krishi Vishwavidyalaya, Raipur-492 021",2004,SAU
Chhattisgarh,12,"Trimurty Colony, Distt. Mahasamund","Vice-Chancellor, Indira Gandhi Krishi Vishwavidyalaya, Raipur-492 021",2004,SAU
Chhattisgarh,13,"P.Box No.03, Ajirma Farm,,Ambikapur Distt. Surguja-497 00","Vice-Chancellor, Indira Gandhi Krishi Vishwavidyalaya, Raipur-492 021",1994,SAU
Chhattisgarh,14,"P.Box. No. 6, Anjora, Dist Durg-491001","Vice-Chancellor, Indira Gandhi Krishi Vishwavidyalaya, Raipur-492 021",1992,SAU
Chhattisgarh,15,"Kumharwand Farm , Jagdalpur, Distt. Bastar-494 005","Vice-Chancellor, Indira Gandhi Krishi Vishwavidyalaya, Raipur-492 021",1992,SAU
Chhattisgarh,16,"Sarkanda Farm, Distt. Bilaspur-49500","Vice-Chancellor, Indira Gandhi Krishi Vishwavidyalaya, Raipur-492 021",1984,SAU
Chhattisgarh,17,"Village, Jaber, Balrampur Tehsil, Distt. Surguja Chhatisgarh","Vice Chancellor, Indira Gandhi Agricultural University, Krishak Nagar, Raipur-492006 (Chhatisgarh)",2011,SAU
Chhattisgarh,18,"Govt. Agricultural Farm, Kerlapal, Narayanpur Chhattisgarh","Vice Chancellor, Indira Gandhi Agricultural University, Krishak Nagar,Raipur-492006 Chhatisgarh",2011,SAU
Chhattisgarh,19,"Village – Kokdi, Gariyaband Block, Distt. Gariyaband Chhattisgarh","Vice Chancellor, Indira Gandhi Agricultural University, Krishak Nagar, Raipur-492006 Chhatisgarh",2011,SAU
Chhattisgarh,20,"Vill. Panarapura, Distt. – Bijapur","The Vice Chancellor, Indira Gandhi Krishi Vishwavidyalaya (IGKV), Krishak Nagar, Raipur -402 007",2012,SAU
Chhattisgarh,21,Raipur (Chhattisgarh),"The Vice Chancellor, Indira Gandhi Krishi Vishwavidyalaya (IGKV), Krishak Nagar, Raipur -402 007",2016,SAU
Chhattisgarh,22,Dist.Surguja (Chhattisgarh),"The Vice Chancellor, Indira Gandhi Krishi Vishwavidyalaya (IGKV), Krishak Nagar, Raipur -402 007",2017,SAU
Chhattisgarh,23,"Village Jhal,Distt. Bemetara, Chhattisgarh","The Vice Chancellor, Indira Gandhi Krishi Vishwavidyalaya (IGKV), Krishak Nagar, Raipur -402 007",2017,SAU
Chhattisgarh,24,"Village Gidhpuri & Chatarkhar, Distt. Mungeli, Chhatisgarh","The Vice Chancellor, Indira Gandhi Krishi Vishwavidyalaya (IGKV), Krishak Nagar, Raipur -402 007",2017,SAU
Chhattisgarh,25,"Tropical Fruit Research Station,Keshra, Mainpat,Distt. Surguja, Chhattisgarh.","The Vice Chancellor, Indira Gandhi Krishi Vishwavidyalaya (IGKV), Krishak Nagar, Raipur -402 007",2017,SAU
Chhattisgarh,26,"Village Araud, Distt. Balod, Chhattisgarh.","The Vice Chancellor, Indira Gandhi Krishi Vishwavidyalaya, Krishak Nagar, Raipur-492 006",2018,SAU
Chhattisgarh,27,"Village Murtonda, Distt. Sukma, Chhattisgarh.","The Vice Chancellor, Indira Gandhi Krishi Vishwavidyalaya, Krishak Nagar, Raipur-492 006",2018,SAU
Chhattisgarh,28,"Village Purvi Borgaon,Distt. Kondagaon Chhattisgarh, .","The Vice Chancellor, Indira Gandhi Krishi Vishwavidyalaya, Krishak Nagar, Raipur-492 006",2019,SAU
Madhya Pradesh,1,"Village Hamirpur, Distt. Datia-","Vice-Chancellor, Jawaharlal Nehru Krishi Viswavidyalaya, Jabalpur-482 004",2007,SAU
Madhya Pradesh,2,"Vilalge Aawari, Distt. Ahoknagar-","Vice-Chancellor, Jawaharlal Nehru Krishi Viswavidyalaya, Jabalpur-482 004",2007,SAU
Madhya Pradesh,3,"Village Shankarpura Khurd and Sandas Khurd, Distt. Burhanpur-","President, Lokmatas Devi Ahilya Bai Holkar Social National Mission, Maszid Comnplex, Shanwara, Burhanpur-450331, M.P.",2007,NGO
Madhya Pradesh,5,"C/o S.K. Tripathi House No.207, Near Subha Motor, Katla, Distt. Mandla-","Vice-Chancellor, Jawaharlal Nehru Krishi Viswavidyalaya, Jabalpur-482 004",2006,SAU
Madhya Pradesh,6,"Bataggakhurd, Distt. Badwani","Vice-Chancellor, Jawaharlal Nehru Krishi Viswavidyalaya, Jabalpur-482 004",2006,SAU
Madhya Pradesh,7,"Vill. Darbrohatrict, Distt. Umaria-","Vice-Chancellor, Jawaharlal Nehru Krishi Viswavidyalaya, Jabalpur-482 004",2006,SAU
Madhya Pradesh,8,"MP State Seeds and Farm Development Corporation, Vill-Baroda, Distt. Sheopur-","Vice-Chancellor, Jawaharlal Nehru Krishi Viswavidyalaya, Jabalpur-482 004",2006,SAU
Madhya Pradesh,9,"Balgarh Farm, PO. Balgarh, Distt. Dewas-455111","Vice-Chancellor, Jawaharlal Nehru Krishi Viswavidyalaya, Jabalpur-482 004",2005,SAU
Madhya Pradesh,10,"PO. Katangi Kala,Village Padaria, Distt. Katni-","Vice-Chancellor, Jawaharlal Nehru Krishi Viswavidyalaya, Jabalpur-482 004",2005,SAU
Madhya Pradesh,11,"Nowgaon, Pan Reserarch Centre, Distt. Chhatarpur-472001","Vice-Chancellor, Jawaharlal Nehru Krishi Viswavidyalaya, Jabalpur-482 004",2005,SAU
Madhya Pradesh,12,"Faehpur, Distt. Shivpur-","Vice-Chancellor, Jawaharlal Nehru Krishi Viswavidyalaya, Jabalpur-482 004",2005,SAU
Madhya Pradesh,13,"Powarkheda, Distt. Hoshangabad-461 110","Vice-Chancellor, Jawaharlal Nehru Krishi Viswavidyalaya, Jabalpur-482 004",2004,SAU
Madhya Pradesh,14,"PO. Jaura Khurd, AB Road, Distt. Morena-476001","Vice-Chancellor, Jawaharlal Nehru Krishi Viswavidyalaya, Jabalpur-482 004",2004,SAU
Madhya Pradesh,15,"Zonal Agriculture Research Station, Bamhori, PO. Rajaua, Distt. Sagar-470 002","Vice-Chancellor, Jawaharlal Nehru Krishi Viswavidyalaya, Jabalpur-482 004",2004,SAU
Madhya Pradesh,16,"Zonal Agricultural Research Station, Distt. Khargone-451 001","Vice-Chancellor, Jawaharlal Nehru Krishi Viswavidyalaya, Jabalpur-482 004",2004,SAU
Madhya Pradesh,17,"Girwar Farm, Distt. Shajapur-465001","Vice-Chancellor, Jawaharlal Nehru Krishi Viswavidyalaya, Jabalpur-482 004",2004,SAU
Madhya Pradesh,19,"College of Horticulture, Distt. Mandsaur-458001","Vice-Chancellor, Jawaharlal Nehru Krishi Viswavidyalaya, Jabalpur-482 004",2004,SAU
Madhya Pradesh,20,Distt. Jabalpur-482 004,"Vice-Chancellor, Jawaharlal Nehru Krishi Viswavidyalaya, Jabalpur-482 004",2004,SAU
Madhya Pradesh,21,Distt. Harda-,"Vice-Chancellor, Jawaharlal Nehru Krishi Viswavidyalaya, Jabalpur-482 004",2004,SAU
Madhya Pradesh,22,"Jaisawal Quarters, Civil Ward No.2, Distt. Damoh-470661","Vice-Chancellor, Jawaharlal Nehru Krishi Viswavidyalaya, Jabalpur-482 004",2004,SAU
Madhya Pradesh,23,"Shashtri Bhawan, Station Gunj Area, Distt. Narsinghpur-","Vice-Chancellor, Jawaharlal Nehru Krishi Viswavidyalaya, Jabalpur-482 004",2004,SAU
Madhya Pradesh,24,"Bbhoj Near Village Naktara, PO.Bankhedi, NH-86 Ext., Raisen Sagar Road, Distt. Raisen-466 551","Secretary, PDKVAAS,",2004,NGO
Madhya Pradesh,25,"Tribal Agricultural Research Station, Distt. Dindori-481 880","Vice-Chancellor, Jawaharlal Nehru Krishi Viswavidyalaya, Jabalpur-482 004",2003,SAU
Madhya Pradesh,26,"College of Agriculture, Distt. Gwalior-474002","Vice-Chancellor, Jawaharlal Nehru Krishi Viswavidyalaya, Jabalpur-482 004",2003,SAU
Madhya Pradesh,27,"Kuthulia Farm, Distt. Rewa-486 001","Vice-Chancellor, Jawaharlal Nehru Krishi Viswavidyalaya, Jabalpur-482 004",2003,SAU
Madhya Pradesh,28,"Betul Bazar, Distt. Betul-460004","Vice-Chancellor, Jawaharlal Nehru Krishi Viswavidyalaya, Jabalpur-482 004",2002,SAU
Madhya Pradesh,29,"Laxmipur, Distt. Panna-488001","Vice-Chancellor, Jawaharlal Nehru Krishi Viswavidyalaya, Jabalpur-482 004",2002,SAU
Madhya Pradesh,30,"Post Box No.18, Distt. Dhar-454 001","Vice-Chancellor, Jawaharlal Nehru Krishi Viswavidyalaya, Jabalpur-482 004",2002,SAU
Madhya Pradesh,31,"CRDE, Vill-Sewania Ichhwar, Distt. Sehore-462043	The","Chairman, Centre for Rural Dev. & Environment, Bhopal",1999,NGO
Madhya Pradesh,32,"Etawa Road, Distt. Bhind-477001","Vice-Chancellor, Jawaharlal Nehru Krishi Viswavidyalaya, Jabalpur-482 004",1997,SAU
Madhya Pradesh,33,"Kasturba Gandhi National Memorial Trust Kasturabagram , Khandwa Road, Distt. Indore-452 020","Chairman, Kasturba Gandhi Natinoal Memorial Trust, Kasturva Gram, Indore",1996,NGO
Madhya Pradesh,34,"College of Agriculture, Jaswadi Road, Distt. Khandwa-450 001","Vice-Chancellor, Jawaharlal Nehru Krishi Viswavidyalaya, Jabalpur-482 004",1994,SAU
Madhya Pradesh,35,"Kundeshwar, Distt. Tikamgarh-472001","Vice-Chancellor, Jawaharlal Nehru Krishi Viswavidyalaya, Jabalpur-482 004",1994,SAU
Madhya Pradesh,36,"Block Office Compound, Distt. Seoni-480 661","Vice-Chancellor, Jawaharlal Nehru Krishi Viswavidyalaya, Jabalpur-482 004",1994,SAU
Madhya Pradesh,37,"Kothi Bagh, Biaora, Distt. Rajgarh-465 661","Vice-Chancellor, Jawaharlal Nehru Krishi Viswavidyalaya, Jabalpur-482 004",1994,SAU
Madhya Pradesh,38,Raghogarh Naka Aron Distt. Guna-473 101,"Vice-Chancellor, Jawaharlal Nehru Krishi Viswavidyalaya, Jabalpur-482 004",1994,SAU
Madhya Pradesh,39,"Shiksha Samiti, Kalukheda, Distt. Ratlam-457339","President, Kalukheda Shiksha Samiti,",1994,NGO
Madhya Pradesh,40,Karaundia Distt. Sidhi-486 661,"Vice-Chancellor, Jawaharlal Nehru Krishi Viswavidyalaya, Jabalpur-482 004",1992,SAU
Madhya Pradesh,41,"Tehnical School Campus, Rewa Road, Distt. Shahdol-484 001","Vice-Chancellor, Jawaharlal Nehru Krishi Viswavidyalaya, Jabalpur-482 004",1992,SAU
Madhya Pradesh,42,"Badgaon, PO. Pala Distt. BalaghAt.481115","Vice-Chancellor, Jawaharlal Nehru Krishi Viswavidyalaya, Jabalpur-482 004",1992,SAU
Madhya Pradesh,43,"Sri Malwa Mahila Vikas Samiti PO. Sirjon, Distt. Vidisha-464228","President, Malwa Mahila Vikas Samiti, 32, Niyamatpura, Shajanabad,",1992,NGO
Madhya Pradesh,44,"Majhgaon, Distt. Satna-485 331","Chairman, Deen Dayal Research Institute, Rani Jhansi Road, New Delhi",1992,NGO
Madhya Pradesh,45,"JNKVV Farm, Rajgarh Naka, Distt. Jhabua-457661","Vice-Chancellor, Jawaharlal Nehru Krishi Viswavidyalaya, Jabalpur-482 004",1984,SAU
Madhya Pradesh,46,"Chandangaon, Distt. Chhindwara-480001","Vice-Chancellor, Jawaharlal Nehru Krishi Viswavidyalaya, Jabalpur-482 004",1983,SAU
Madhya Pradesh,47,"Berasia Road, Distt. Bhopal-462 038","Director, CIAE (ICAR), Nabibagh, Berasia Road, Bhopal-462 038",1979,ICAR
Madhya Pradesh,48,"Deora,Tehsil, Distt. Singrauli-462 038","Vice-Chancellor, Jawaharlal Nehru Krishi Viswavidyalaya, Jabalpur-482 004",2017,SAU
Madhya Pradesh,49,"Vill.Borekhed, Distt. Alirajpur-462 038","Vice-Chancellor, Rajmata Vijayraje Sciendia Krishi Vishwa Vidyalaya , Race Cource Road, Gwalior 474002 Madhya Pradesh",2017,SAU
Madhya Pradesh,50,"Vill.Jagpura, Distt. Agar Malwa","Vice-Chancellor, Rajmata Vijayraje Sciendia Krishi Vishwa Vidyalaya , Race Cource Road, Gwalior 474002 Madhya Pradesh",2017,SAU
Madhya Pradesh,51,"Village Deora, , Distt. Singrauli, Madhya Pradesh.","Vice-Chancellor, Jawaharlal Nehru Krishi Viswavidyalaya, Jabalpur-482 004",2017,SAU
Madhya Pradesh,52,"Vill.Manawar-Semalda, Distt. Dhar","Vice-Chancellor, Rajmata Vijayraje Sciendia Krishi Vishwa Vidyalaya , Race Cource Road, Gwalior 474002 Madhya Pradesh",2018,SAU
Madhya Pradesh,53,"Village Bijora, Tehsil Devori, Distt. Sagar, Madhya Pradesh-","Vice-Chancellor, Jawaharlal Nehru Krishi Viswavidyalaya, Jabalpur-482 004",2020,SAU
Madhya Pradesh,54,"Village Bijora, Tehsil Devori, Distt. Chhindwara, Madhya Pradesh -","Vice-Chancellor, Jawaharlal Nehru Krishi Viswavidyalaya, Jabalpur-482 004",2019,SAU
Tamil Nadu,1,Ariyalur	The,"Secretary, CREED, 23, Arangaanatha Nagar Chidambaram, Distt. Cuddalore Tamilnadu-608001",2009,NGO
Tamil Nadu,2,"State Seed Farm, Papparappaty, Pennagaram Tk Distt. Dharmapuri-636 809","Vice-Chancellor, Tamil Nadu Agricultural Unviersity, Coimbatore",2006,SAU
Tamil Nadu,3,"Regional Research Station, Kovilangulam, Aruppukottai Distt. Virudhunagar-626107","Vice Chancellor, Tamil Nadu Agricultural University, Coimbatore, Tamil Nadu.",2006,SAU
Tamil Nadu,4,"Puluderi, Kulithalai, Distt. Karur-623313	Managing Trustee Saraswati Foundation for Rural Development and Training, 12/5.Sandilya Apartments, Jagadambal Colony, Iind Street Royapettah, Chennai-600 014	2005 NGO",,2005,NGO
Tamil Nadu,5,"Valikandapuram, Distt. Perambalur-621 115	St John Educational Trust Perambalur	2004 NGO",,2004,NGO
Tamil Nadu,6,"National Pulse Research Centre, VambanColony, Distt. Pudukottai-622303","Vice-Chancellor, Tamil Nadu Agricultural University, Coimbatore-641 003",2004,SAU
Tamil Nadu,7,"Coastal Saline Research Centre, Distt . Ramnathapuram-623503","Vice-Chancellor, Tamil Nadu Agricultural University, Coimbatore-641 003",2004,SAU
Tamil Nadu,8,"Horticultural Research Station, Pechiparai, Distt. Kanyakumari-629161","Vice-Chancellor, Tamil Nadu Agricultural University, Coimbatore-641 003",2004,SAU
Tamil Nadu,9,"Agricultural College & Research Institute, Distt. Madurai-625 104","Vice-Chancellor, Tamil Nadu Agricultural University, Coimbatore-641 003",2004,SAU
Tamil Nadu,10,"Oilseeds Research Station, Tindivanam, Distt. Villupuram-604 001","Vice-Chancellor, Tamil Nadu Agricultural University, Coimbatore-641 003",2004,SAU
Tamil Nadu,11,"Virinjipuram, Distt. Vellore-632 104","Vice-Chancellor, Tamil Nadu Agricultural University, Coimbatore-641 003",2004,SAU
Tamil Nadu,12,"Tirur, Distt. Thiruvallur-602 025","Vice-Chancellor, Tamil Nadu Agricultural University, Coimbatore-641 003",2004,SAU
Tamil Nadu,13,Needamangalam Distt. Tiruvarur-614 404,"Vice-Chancellor, Tamil Nadu Agricultural University, Coimbatore-641 003",2004,SAU
Tamil Nadu,14,"Sikkal, Distt. Nagapattinam-611 108","Vice-Chancellor, Tamil Nadu Agricultural University, Coimbatore-641 003",2004,SAU
Tamil Nadu,15,"Veterinary College & Research Institute, Distt. Namakkal-637 0017","Vice-Chancellor, TN University of Veterinary and Animal Science, Chennai-600051",2004,SAU
Tamil Nadu,16,"Kundrakudi, Distt. Shivagangai-630 206","Vice-Chancellor, TN University of Veterinary and Animal Science, Madras-600051",1996,SAU
Tamil Nadu,17,"Usilampatti, Manyeripatti (BPO) Distt. Thanjavur-613 402","President, Bhatavasalam Memorial Trust,596,A-1 & As,TNHB Periyar Nagar, Koratur, Chennai-600080",1995,NGO
Tamil Nadu,18,"Vegaikulam, Mudivithanedal Post, Distt. Tuticorin-628102","Chairman SCAD , 2 Salai Street, Vannarpettai Tirunelvelli",1995,NGO
Tamil Nadu,19,"Sandhiyur Mallur via, Distt. Salem-636 203","Vice-Chancellor, Tamil Nadu Agricultural University, Coimbatore-641 003",1994,SAU
Tamil Nadu,20,"Kamatchipuram, Distt. Theni-625 520","Chairman, Centre for Deve. & Communication Trust, 89-1/B-3West Street Kamatchipuram S.O. Theni, Madurai-625 520",1994,NGO
Tamil Nadu,21,"Urmelalagian, Ayikudi PO. Tenkasi (TK) Distt. Tirunelveli-627 852","Chairman, RVS Education Trust,Karur Road RVS Nagar,Dindigul-624 004",1994,NGO
Tamil Nadu,22,Mallinayanapalli (PO) Elumichangiri-635120 Distt. Krishanagiri,"President, Tamilnadu Board of Rural Deve., No.13/3,II Floor Crescent Park Street, T.Nagar, Chennai-500017",1994,NGO
Tamil Nadu,23,"Kilnelli Village, Chithathur Post Cheyyar TK, Distt. Tiruvannamalai-604 410","President, Tamilnadu Board of Rural Deve., No.13/3,II Floor Crescent Park Street, T.Nagar, Chennai-500017",1991,NGO
Tamil Nadu,24,"57, Bharathi Street, Gobichettipalayam, Distt. Erode-638 452	Executive","Secretary, MYRADA, No.2 Service, Domlur Layout, Banglore-560071",1991,NGO
Tamil Nadu,25,"Gandhigram, Distt. Dindigul-624 302	Chancellor Gandhigram Rural Institute., Gandhigram-624302, Dindigul	1989 DU",,1989,DU
Tamil Nadu,26,"Vridhachalam, Dist Cuddalore-606 001","Vice-Chancellor, Tamil Nadu Agricultural University, Coimbatore-641 003",1985,SAU
Tamil Nadu,27,"Kattankulathur Post Kattupakkam, Distt. Kancheepuram-603 203","Vice-Chancellor, Tamil Nadu Vet.&Animal Sciences University, Madhavaram Milk Colony Chennai-600 051",1985,SAU
Tamil Nadu,28,"UPASI  Glenview,Coonoor, Distt. Nilgiris-643101","Secretary,-General UPASI, Glenview,P.B.-11 Coonoor-643101Nilgiri Distt.",1983,NGO
Tamil Nadu,29,"PO. Vivekanandapuram, Seeliyur, Karamadai Block, Distt. Coimbatore-641 113	The","Secretary, Sri Avinashilingam Institute of Higher Educational and Home Science, Coimbatore-641113",1979,DU
Tamil Nadu,30,"Sirugamani, Distt. Trichirappali-639115","Vice-Chancellor, Tamil Nadu Agricultural University, Coimbatore-641 003",1977,SAU
Tamil Nadu,31,"Kural, Chinnasalem, Distt. Villupuram","Vice-Chancellor, Tamil Nadu Vet.&Animal Sciences University, Madhavaram Milk Colony Chennai-600 051",2019,SAU
Tamil Nadu,32,"Village State Seed Farm Pongalur, Palladam Taluk,Distt Tiruppur, Tamil Nadu","Vice-Chancellor, Tamil Nadu Agricultural University, Coimbatore, Tamil Nadu-641 003",2019,SAU
Tamil Nadu,33,"HRS Woodhouse farm, ooty,Nilgirs Tamil Nadu","Vice-Chancellor, Tamil Nadu Agricultural University, Coimbatore, Tamil Nadu-641 003",2022,SAU
Puducherry,1,"Kurambapet, Distt. Puducherry-605 009","Director, of Agriculture Govt. of Pondichery, Chief Secretariat Bldg. Puducherry	1994 State Govt.",1994,State Govt
Puducherry,2,"Madur, Distt. Karaikal-609 607	Diector of Agriculture Govt. of Pondichery",Chief Secretariat Bldg. Puducherry-605 001	1974 State Govt. 3 Krishi Vigyan Kendra Village -Mettacur Revenue of Yaman,1974,State Govt
Andhra Pradesh,1,"DCMS Bulding ,Kamalanagar Anantapur-515001, Andhra Pradesh","Vice Chancellor Acharya N.G.Ranga Agricultural University, Rajendra Nagar Hyderabad-500030",1983,SAU
Andhra Pradesh,2,"Acharya N.G. Ranga Agricultural University, # 8-881, Jainagar Colony Kalyandurg, Anantapur515761, Andhra Pradesh","Vice Chancellor Acharya N.G.Ranga Agricultural University, Rajendra Nagar Hyderabad-500030",2010,SAU
Andhra Pradesh,3,"RASS – Acharya Ranga  Karakambadi post, Renigunta mandal Chittoor dt – 517 520	Chittoor, Rashtriya Seva Samithi (RASS) , Sevanilayam, AIR bypass road, Tirupati – 517 501	1992 SAU @",,1992,SAU
Andhra Pradesh,4,"Programme Co-coordinator Kalikiri, Chittoor dist. Chittoor dt –Andhra Pradesh-517234","Vice Chancellor Acharya N.G.Ranga Agricultural University, Rajendra Nagar Hyderabad-500030	20012 @",,SAU
Andhra Pradesh,5,"(Central Tobacco Research Institute) , Kalavacharla,Rajanagaram Mandal, East Godavari District-533 297","Director, ICAR- Central Tobacco Research , Institute, Rajahmundry -533 105 East Godavari district, @",1983,ICAR
Andhra Pradesh,6,"Garudapuram Village, Kalyandurg Mandal, Distt. Anantapur","Vice-Chancellor, Acharya N.G. Ranga Agricultural University, Rajendranagar, Hyderabad-500030	26.07.10 @",,SAU
Andhra Pradesh,8,"Lam, Guntur. 522034","Vice-Chancellor, Sri Venkateswara Veterinary University, Tirupati – 517 502	2012 @",2012,SAU
Andhra Pradesh,9,"Utukur, Kadapa Y.S.R. district - 516003","Vice-Chancellor, Acharya N.G. Ranga Agricultural University, Rajendranagar, Hyderabad-500030",1993,SAU
Andhra Pradesh,11,"Agricultural Research Station, Ghantasala – 521 133Krishna","Vice-Chancellor, Acharya N.G. Ranga Agricultural University, Rajendranagar, Hyderabad-500030",2012,SAU
Andhra Pradesh,12,"- Upstairs Andhra Bank, Yemmiganur 518360, Kurnool District","Vice-Chancellor, Acharya N.G. Ranga Agricultural University, Rajendranagar, Hyderabad-500030",2010,SAU
Andhra Pradesh,14,"Mini By Pass Road Opp. Royal Enfield show room Distt. B.V.Nagar, Nellore – 524004","Vice-Chancellor, Acharya N.G. Ranga Agricultural University, Rajendranagar, Hyderabad-500030	2004 S AU",2004,
Andhra Pradesh,15,"Agril. Research Station PO: Darsi, Prakasam – 523247","Vice-Chancellor, Acharya N.G. Ranga Agricultural University, Rajendranagar, Hyderabad-500030",1999,SAU
Andhra Pradesh,16,"CTRI Premises, Kandukru 523 105 Prakasam Dist.","Director, ICAR- Central Tobacco Research Institute, Rajahmundry -533 105East Godavari district",2012,ICAR
Andhra Pradesh,17,"Programme Coordinator,  Amadalavalasa, Srikakulam – 532 185","Vice-Chancellor, Acharya N.G. Ranga Agricultural University, Rajendranagar, Hyderabad-500030	1985-86",1985,SAU
Andhra Pradesh,18,"BCT –  BCT Farm Complex,Haripuram, Rambilli Mandal, Visakhapatnam Distt.-531061 Chariman, Bhagavatula Charitable Trust, BCT Farm Complex, Haripuram, Rambilli Mandal, Visakhapatnam Distt.- 531061 1995 NGO",,1995,NGO
Andhra Pradesh,19,"PO: Rastakuntubai, Vizianagaram-535523","Vice-Chancellor, Acharya N.G. Ranga Agricultural University, Rajendranagar, Hyderabad-500030",1983,SAU
Andhra Pradesh,20,"PO. Karakambadi Vanasthali, Tirupathi, Distt. Chittoor-517501","Chairman, Rayalseema Seva Samiti, 9,Old Hazur Office Building, Tirupathi, Chittoor-517 520",1992,NGO
Andhra Pradesh,21,"Dr.Y.S.R.Horticultural University, Venkataramannagudem West Godavari District- 534 101","Vice Chancellor,Dr.Y.S.R.Horticultural University ,Venkataramannagudem",2010,SAU
Andhra Pradesh,22,Undi – 534 199 West Godavari Dt,"Vice-Chancellor, Acharya N.G. Ranga Agricultural University, Rajendranagar, Hyderabad-500030",1995,SAU
Andhra Pradesh,23,Nellore (Andhra Pradesh),"Vice-Chancellor, Dr. YSR Hort. University,West Godawari, Andhra Pradesh	22-09-",2016,SAU
Andhra Pradesh,24,"Vonipenta village, Mydukur , Mandal, Kadapa Distt. of Andhra Pradesh","Vice-Chancellor, Dr. YSR Hort. University,West Godawari, Andhra Pradesh	12-01-",2017,SAU
Telangana,1,"Ramnagar, Adilabad -504001","Vice Chancellor Professor Jayashankar Telangana State Agricultural University (PJTSAU), Rajendranagar,Hyderabad – 500 030",2000,SAU
Telangana,2,"Jaya Prakashnagar, , Jammikunta, Dist: Karimnagar - 505122","Chairman Grama Nava NirmanSamithi Jayaprakashnagar, Jammikunta Karimnagar Dist.",1992,NGO
Telangana,3,"Ramagirikhilla, Ratnapur Kamanpur (M) Dist: Karimnagar – 505212","Vice Chancellor,Sri Konda Laxman Telangana State Horticultural University (SKLTSHU) Rajendranagar, Hyderabad – 500 030	2010 @",2010,SAU
Telangana,4,Wyra -507 165,"Vice Chancellor Professor Jayashankar Telangana State Agricultural University (PJTSAU), Rajendranagar,Hyderabad – 500 030	2004 @",2004,SAU
Telangana,5,"Youth For Action, Madanapuram Kothakota Mandal Mahabubnagar District-– 509110","Chairman, Youth For Action, Plot No. 2020 “Sree Nivas”, Banjara Nagar, Trimulgherry – 500015 Secunderabad. @",1992,NGO
Telangana,7,"DDS-  PO.Box No.214, Near Allana factory, Didigi Village, Zaheerabad-502220, Medak","Chairman Deccan Development Society, 101, Kishan Residency, St. No.5 Begumpet, Hyderabad - 500016 @",1991,NGO
Telangana,8,"Gaddipally Village & Post Garedepally Mandal, Nalgonda -508 201","Secretary Sri Aurobindo Institute of Rural Development Gaddipally Village & Post Garedepally Mandal, Nalgonda -508201 @",1984,NGO
Telangana,9,"Kampasagar, Babusaipet Post 508 207, Nalgonda District","Vice Chancellor Professor Jayashankar Telangana State Agricultural University (PJTSAU), Rajendranagar, Hyderabad-500030",2011,SAU
Telangana,10,"(Farm Science Centre ) Rudrur, Nizamabad Dist -503188","Vice Chancellor, Professor Jayashankar Telangana State Agricultural University (PJTSAU), Rajendranagar, Hyderabad-30",2004,SAU
Telangana,11,"Hayathnagar Research Farm, Hayathnagar - 501 505","Director Central Research Institute for Dry land Agriculture, Santoshnagar, Hyderabad – 500 059.",1976,ICAR
Telangana,12,"Malyal, Mahabubabad, Warangal district","Vice Chancellor, Professor Jayashankar Telangana State Agricultural University (PJTSAU), Rajendranagar, Hyderabad – 500 030.",1989,SAU
Telangana,13,"LRS, Mamnoor Warangal -506166","Vice Chancellor, Sri P.V. Narsimha Rao Telangana State University for Veterinary, Animal and Fishery Sciences, Administrative Office, Rajendranagar, Hyderabad – 500 030",2010,SAU
Telangana,16,"Village Tuniki, Kowdipally Mandal,, Distt. Medak, Telangana The chairman, Ekalavya Foundation (NGO), #1-8-522/7, Chikkadapally, Hyderabad-500 020 (Telangana) NGO",,,NGO
Karnataka,1,"Chandurayanghalli, Distt. Ramanagram-560065","Vice-Chancellor, University of Agril. Sciences, GKVK,Bangalore-560 065	2010 $",2010,SAU
Karnataka,2,Distt. Tumkur,"The Director, IIHR Hessarghatta, Bangalore.	2009 @",2009,ICAR
Karnataka,3,"Hadonahalli Village, Doddaballapur Taluk, Distt. Bangalore Rural-561 205","Vice-Chancellor, University of Agricultural Sciences, Bangalore, Karnataka.",2006,SAU
Karnataka,4,"Agricultural Research Station, Distt. Bagalkot-587101","Vice-Chancellor, University of Agril. Sciences, Dharwad-580 005",2005,SAU
Karnataka,5,"Saidapur Farm, Distt. Dharwad580 005","Vice-Chancellor, University of Agril. Sciences, Dharwad-580 005",2004,SAU
Karnataka,6,"ARS Campus, Kanakagiri Raod Gangavati, Distt. Koppal-583 227","Vice-Chancellor, University of Agril. Sciences, Raichur-584 102",2004,SAU
Karnataka,7,"Agricultural Research Station, Aland Road, Distt. Gulbarga-585101","Vice-Chancellor, University of Agril. Sciences, Raichur-584 102",2004,SAU
Karnataka,8,"Regional Agricultural Research Station, P.Box No.18, PO. & Distt. Bijapur-586101","Vice-Chancellor, University of Agril. Sciences, Dharwad-580 005",2004,SAU
Karnataka,9,"Banvasi Road, Sirsi, Distt. Uttara Kannada-581401","Vice-Chancellor, University of Agril. Sciences, Dharwad-580 005",2004,SAU
Karnataka,10,"Krishi  VC Farm, Distt. Mandya-571 405","Vice-Chancellor, University of Agril. Sciences, GKVK, Bangalore-560 065",2004,SAU
Karnataka,11,"Krishi  Zonal Agricultural Research Station, P.B.No. 126, Navile, Dist-Shimoga-577204","Vice-Chancellor, University of Agril. Sciences, GKVK,Bangalore-560 065",2004,SAU
Karnataka,12,"Zonal Agricultural Research Station, Konehally, Tiptur-572202, Distt. Tumkur","Vice-Chancellor, University of Agril. Sciences, GKVK, Bangalore-560 065",2004,SAU
Karnataka,13,"Zonal Agricultural Reseach Station, Brahmavar, Distt. Udupi-576213","Vice-Chancellor, University of Agril. Sciences, GKVK, Bangalore-560 065",2004,SAU
Karnataka,14,"Babbur Farm, Hiriyur, Distt. Chitradurga-572143","Vice-Chancellor, University of Agril. Sciences, GKVK,Bangalore-560 065",2004,SAU
Karnataka,15,"Agricultural Research Station, Kankanady Mangalore, Distt. Dakshina Kannada-575 002","Vice-Chancellor, Karnataka Veterinary, Animal and Fisheries Sciences University, Bidar-585 401",2004,SAU
Karnataka,16,"Seed Farm, Hardanahally, Distt. Chamrajanagar-571313","Vice-Chancellor, University of Agril. Sciences, GKVK,Bangalore-560 065",2004,SAU
Karnataka,17,"Anubhava Mantap, P.B.No.303 Distt. Davanagere-577 004","Chairman, Taralabalu Rural Development Foundation (TRDF), Anubhava Mantapa Davanagere-577004 , Karnataka",2004,NGO
Karnataka,18,"P.B.No. 24, Distt. Raichur-584 101","Vice-Chancellor, University of Agril. Sciences, Raichur-584 102",1994,SAU
Karnataka,19,"Hagari, Distt. Bellary-583 138","Vice-Chancellor, University of Agril. Sciences, Raichur-584 102",1994,SAU
Karnataka,21,"Suttur, Nanjangud Taluk, Distt. Mysore-571 129","President, JSS, Mahavidyapeeth, Ramanuj Rd, Mysore-570 004",1994,NGO
Karnataka,23,"Kandail, Distt. Hassan-573 217","Vice-Chancellor, University of Agril. Sciences, GKVK,Bangalore-560 065",1992,SAU
Karnataka,24,"Post Box No.58, Distt. Bidar-585 401","Vice-Chancellor, University of Agril. Sciences, Raichur-584 102",1985,SAU
Karnataka,25,"Agricultural Research Station, Mudigere, Distt. Chikkamagalur-577132","Vice-Chancellor, University of Agril. Sciences, GKVK,Bangalore-560 065",1985,SAU
Karnataka,26,"Hulkoti, Distt. Gadag-582 205","Chairman, K.H.Patil Agril. Sciences Foundation, Distt. Gadag-582205",1985,NGO
Karnataka,27,"Hanumanmatti, Ranebennur, Distt. Haveri-581 135","Vice-Chancellor, University of Agril. Sciences, Dharwad-580 005",1977,SAU
Karnataka,28,"Gonikoppal, Distt. Kodagu-571213","The Director, IIHR, 255,Upper Palace, Orchards, Bangalore-79",1976,ICAR
Karnataka,29,"Mattikipp Village, Baihongal Taluk, Belgaum Distt","President, Karnataka Lingayat Education Society,College road, Belgaum (Karnataka)",2011,NGO
Karnataka,30,"Village- Raddewadgi, Taluk-Jewargi, Distt.- Gulbarga","Vice-Chancellor, University of Agril. Sciences, Raichur-584 102	13/12/2011 @",13/12/2011,SAU
Karnataka,31,"At –Tamka Farm, Distt. Kolar","The Vice Chancellor, University of Horticultural Sciences, Sector No - 60, Navanagar, Bangalkot – 587 102",06/12/2012,SAU
Karnataka,32,Bijapur (Karnataka),"The Vice Chancellor, UAS, Dharwad",28/09/2016,SAU
Karnataka,33,Dist.Yadgir (Karnataka),"The Vice Chancellor, UAS, Raichur",2017,SAU
Kerala,1,"Regional Agricultural Research Station, Kumarakom, Distt.-Kottayam-686566","Vice-Chancellor, Kerala Agril. University, Mannuithy, Thrichur-680651",2004,SAU
Kerala,2,"Panniyur, PO. Kanhirangad, Taliparamba Distt. Kannur-670142","Vice-Chancellor, Kerala Agril. University, Mannuithy, Thrichur-680651",2004,SAU
Kerala,3,"Kellappaji College of Agriculture Engineering & Technology, Tavanur, Distt. Malappuram-679 573","Vice-Chancellor, Kerala Agril. University, Mannuithy, Thrichur-680651",2004,SAU
Kerala,4,Vellanikara Distt. Thrissur-680 656,"Vice-Chancellor, Kerala Agril. University, Mannuithy, Thrichur-680651",2004,SAU
Kerala,5,"Krishi  CPCRI Regional Station, PO. Krishnapuram, Kayamkulam, Distt. Alleppey-690 533	Direcor, Central Plantation Crops Research Instiute, Kasargod-671124	2004 ICAR",,2004,ICAR
Kerala,6,"Sadanandapuram, Distt. Kollam-691550","Vice-Chancellor, Kerala Agril. University, Mannuithy, Thrichur-680651",1994,SAU
Kerala,7,"Santhanpara, Distt. Idukki-685 619","President, Bapooji Sewak Samaj, Chakkopallam, PO-Kumily-685 509",1994,NGO
Kerala,8,"Kolabhagon, Thadiyoor, Distt. Pathanamthitta-689 545","Chairman, Christian Agency for Rural Development, Tiruvalla-689 101 Pethennamthitta",1994,NGO
Kerala,9,"PO. Kudlu, Distt. Kasaragode-671124	Direcor, Central Plantation Crops Research Instiute, Kasargod-671124	1991 ICAR",,1991,ICAR
Kerala,10,"Peruvannamuzhi, Distt. Kozhikode (Calicut)-673 528","Director, Indian Institute of Spices Research (Regional enter), Calicut-673 528",1991,ICAR
Kerala,11,"Ambalavayal, Distt. Wynad-673593","Vice-Chancellor, Kerala Agril. University, Mannuithy, Thrichur-680651",1984,SAU
Kerala,12,"Pattambi, Distt. PalghAt.679 306","Vice-Chancellor, Kerala Agril. University, Mannuithy, Thrichur-680651",1979,SAU
Kerala,13,"Mitraniketan, Velland, Distt. Thiruvananthapuram-695 543","Director, Mitraniketan, Vellanad-695543, Tiruvananthapuram",1979,NGO
Kerala,14,"Narakkal, Distt. Ernakulam-682505","Director, CMFRI, P.Box No.1603, Tatapuram PO. Kochi-682 014 Kerala",1976,ICAR
Lakshadweep,1,"PO. Kiltan Island Lakshadweep-682 558	Directorate of Agriculture, Union Territory of Lakhsadweep & Monicoy Islands, Karavatti, Lakhsadweep-682 555	1996 State Govt. [https://icar.org.in/en/node/15014](https://icar.org.in/en/node/15014),[https://icar.org.in/en/node/15015](https://icar.org.in/en/node/1",,1996,State Govt
